gsm,gse,Age,Sex,AgeBin
GSM879995,GSE36054,2.41666666666667,F,"[0,10)"
GSM879996,GSE36054,4.83333333333333,,"[0,10)"
GSM879997,GSE36054,4.58333333333333,F,"[0,10)"
GSM879998,GSE36054,3.08333333333333,,"[0,10)"
GSM879999,GSE36054,16.0833333333333,,"[10,20)"
GSM880000,GSE36054,3.5,,"[0,10)"
GSM880001,GSE36054,5.33333333333333,,"[0,10)"
GSM880002,GSE36054,1.16666666666667,F,"[0,10)"
GSM880003,GSE36054,1.08333333333333,,"[0,10)"
GSM880004,GSE36054,2,,"[0,10)"
GSM880005,GSE36054,2.66666666666667,,"[0,10)"
GSM880006,GSE36054,3,,"[0,10)"
GSM880007,GSE36054,3,,"[0,10)"
GSM880008,GSE36054,4,F,"[0,10)"
GSM880009,GSE36054,1,,"[0,10)"
GSM880010,GSE36054,14.1666666666667,,"[10,20)"
GSM880011,GSE36054,16.8333333333333,F,"[10,20)"
GSM880013,GSE36054,2.58333333333333,,"[0,10)"
GSM880014,GSE36054,2,,"[0,10)"
GSM880015,GSE36054,1.91666666666667,F,"[0,10)"
GSM880016,GSE36054,2.16666666666667,F,"[0,10)"
GSM880017,GSE36054,6.33333333333333,,"[0,10)"
GSM880018,GSE36054,1,F,"[0,10)"
GSM880020,GSE36054,13.9166666666667,,"[10,20)"
GSM880021,GSE36054,16.9166666666667,F,"[10,20)"
GSM880022,GSE36054,4.5,F,"[0,10)"
GSM880023,GSE36054,3,,"[0,10)"
GSM880024,GSE36054,2.66666666666667,F,"[0,10)"
GSM880025,GSE36054,4,,"[0,10)"
GSM880026,GSE36054,2.41666666666667,,"[0,10)"
GSM880027,GSE36054,1.5,,"[0,10)"
GSM880028,GSE36054,2.83333333333333,,"[0,10)"
GSM880029,GSE36054,4.08333333333333,,"[0,10)"
GSM880030,GSE36054,15.3333333333333,,"[10,20)"
GSM880031,GSE36054,13.1666666666667,F,"[10,20)"
GSM880032,GSE36054,2.75,,"[0,10)"
GSM880033,GSE36054,1,,"[0,10)"
GSM880034,GSE36054,4.08333333333333,,"[0,10)"
GSM880035,GSE36054,3,,"[0,10)"
GSM880036,GSE36054,4.08333333333333,F,"[0,10)"
GSM880038,GSE36054,3.16666666666667,,"[0,10)"
GSM880039,GSE36054,13.0833333333333,,"[10,20)"
GSM880040,GSE36054,1,,"[0,10)"
GSM880041,GSE36054,2.25,,"[0,10)"
GSM880042,GSE36054,1.33333333333333,,"[0,10)"
GSM880044,GSE36054,1.58333333333333,F,"[0,10)"
GSM880045,GSE36054,2.66666666666667,F,"[0,10)"
GSM880047,GSE36054,2,,"[0,10)"
GSM880049,GSE36054,3.66666666666667,F,"[0,10)"
GSM880050,GSE36054,9.58333333333333,,"[0,10)"
GSM880051,GSE36054,4.83333333333333,F,"[0,10)"
GSM880056,GSE36054,1.08333333333333,F,"[0,10)"
GSM880058,GSE36054,4.08333333333333,,"[0,10)"
GSM880061,GSE36054,2.25,,"[0,10)"
GSM880063,GSE36054,4.08333333333333,F,"[0,10)"
GSM880065,GSE36054,1.25,,"[0,10)"
GSM880066,GSE36054,1.83333333333333,,"[0,10)"
GSM880067,GSE36054,4.33333333333333,F,"[0,10)"
GSM880070,GSE36054,12.3333333333333,F,"[10,20)"
GSM880074,GSE36054,2.08333333333333,F,"[0,10)"
GSM880075,GSE36054,3.16666666666667,,"[0,10)"
GSM880076,GSE36054,1,F,"[0,10)"
GSM880080,GSE36054,11.5833333333333,F,"[10,20)"
GSM880081,GSE36054,3.58333333333333,F,"[0,10)"
GSM880083,GSE36054,1,F,"[0,10)"
GSM880085,GSE36054,5,F,"[0,10)"
GSM880086,GSE36054,3.08333333333333,,"[0,10)"
GSM880087,GSE36054,2.91666666666667,F,"[0,10)"
GSM880092,GSE36054,3,,"[0,10)"
GSM880093,GSE36054,2,F,"[0,10)"
GSM880096,GSE36054,1.33333333333333,F,"[0,10)"
GSM880100,GSE36054,11.25,F,"[10,20)"
GSM880101,GSE36054,12.5833333333333,F,"[10,20)"
GSM880102,GSE36054,2,F,"[0,10)"
GSM880103,GSE36054,4.16666666666667,F,"[0,10)"
GSM880109,GSE36054,5.33333333333333,F,"[0,10)"
GSM880111,GSE36054,1.41666666666667,F,"[0,10)"
GSM880112,GSE36054,1.08333333333333,,"[0,10)"
GSM880116,GSE36054,5.33333333333333,F,"[0,10)"
GSM880117,GSE36054,3.25,F,"[0,10)"
GSM880118,GSE36054,14.6666666666667,,"[10,20)"
GSM880120,GSE36054,2.08333333333333,F,"[0,10)"
GSM880123,GSE36054,6.33333333333333,,"[0,10)"
GSM880124,GSE36054,4.08333333333333,F,"[0,10)"
GSM880128,GSE36054,4.66666666666667,F,"[0,10)"
GSM880129,GSE36054,12.3333333333333,,"[10,20)"
GSM880131,GSE36054,2.08333333333333,F,"[0,10)"
GSM880132,GSE36054,3,,"[0,10)"
GSM880136,GSE36054,5.08333333333333,F,"[0,10)"
GSM880137,GSE36054,2.08333333333333,F,"[0,10)"
GSM880138,GSE36054,4.83333333333333,,"[0,10)"
GSM880139,GSE36054,3.08333333333333,,"[0,10)"
GSM880141,GSE36054,1.58333333333333,,"[0,10)"
GSM880142,GSE36054,13,,"[10,20)"
GSM880143,GSE36054,4,,"[0,10)"
GSM880144,GSE36054,3.08333333333333,,"[0,10)"
GSM880145,GSE36054,2,,"[0,10)"
GSM880146,GSE36054,1.5,,"[0,10)"
GSM880147,GSE36054,13.5833333333333,F,"[10,20)"
GSM880148,GSE36054,3.75,F,"[0,10)"
GSM880149,GSE36054,2.16666666666667,F,"[0,10)"
GSM880150,GSE36054,14.6666666666667,,"[10,20)"
GSM880151,GSE36054,4.16666666666667,,"[0,10)"
GSM880152,GSE36054,3.58333333333333,,"[0,10)"
GSM880153,GSE36054,1.25,,"[0,10)"
GSM880154,GSE36054,12.4166666666667,,"[10,20)"
GSM880155,GSE36054,4,,"[0,10)"
GSM880156,GSE36054,3.08333333333333,,"[0,10)"
GSM880157,GSE36054,2,,"[0,10)"
GSM880159,GSE36054,1.08333333333333,,"[0,10)"
GSM880160,GSE36054,11.4166666666667,F,"[10,20)"
GSM880161,GSE36054,3.08333333333333,F,"[0,10)"
GSM880162,GSE36054,1.91666666666667,F,"[0,10)"
GSM880163,GSE36054,7.25,,"[0,10)"
GSM880164,GSE36054,4.33333333333333,,"[0,10)"
GSM880166,GSE36054,2,,"[0,10)"
GSM880167,GSE36054,1.08333333333333,,"[0,10)"
GSM880168,GSE36054,11,,"[10,20)"
GSM880169,GSE36054,4.08333333333333,,"[0,10)"
GSM880170,GSE36054,3.08333333333333,,"[0,10)"
GSM880171,GSE36054,2.25,,"[0,10)"
GSM880172,GSE36054,1,,"[0,10)"
GSM880173,GSE36054,6.25,F,"[0,10)"
GSM880174,GSE36054,3.91666666666667,F,"[0,10)"
GSM880175,GSE36054,1.08333333333333,F,"[0,10)"
GSM880176,GSE36054,6.25,,"[0,10)"
GSM880177,GSE36054,4.91666666666667,,"[0,10)"
GSM880178,GSE36054,2.16666666666667,,"[0,10)"
GSM880179,GSE36054,1.33333333333333,,"[0,10)"
GSM880180,GSE36054,9,,"[0,10)"
GSM880181,GSE36054,4,,"[0,10)"
GSM880182,GSE36054,2.41666666666667,,"[0,10)"
GSM880184,GSE36054,1.08333333333333,F,"[0,10)"
GSM880185,GSE36054,1.08333333333333,,"[0,10)"
GSM2333901,GSE87571,72,M,"[70,80)"
GSM2333902,GSE87571,55,M,"[50,60)"
GSM2333903,GSE87571,23,M,"[20,30)"
GSM2333904,GSE87571,86,M,"[80,90)"
GSM2333905,GSE87571,74,M,"[70,80)"
GSM2333906,GSE87571,76,F,"[70,80)"
GSM2333907,GSE87571,18,M,"[10,20)"
GSM2333908,GSE87571,38,M,"[30,40)"
GSM2333909,GSE87571,33,F,"[30,40)"
GSM2333910,GSE87571,34,F,"[30,40)"
GSM2333911,GSE87571,86,F,"[80,90)"
GSM2333912,GSE87571,18,F,"[10,20)"
GSM2333913,GSE87571,65,M,"[60,70)"
GSM2333914,GSE87571,55,M,"[50,60)"
GSM2333915,GSE87571,65,F,"[60,70)"
GSM2333916,GSE87571,59,M,"[50,60)"
GSM2333917,GSE87571,80,F,"[80,90)"
GSM2333918,GSE87571,60,M,"[60,70)"
GSM2333919,GSE87571,55,F,"[50,60)"
GSM2333920,GSE87571,63,M,"[60,70)"
GSM2333921,GSE87571,29,M,"[20,30)"
GSM2333922,GSE87571,68,F,"[60,70)"
GSM2333923,GSE87571,22,M,"[20,30)"
GSM2333924,GSE87571,16,F,"[10,20)"
GSM2333925,GSE87571,75,F,"[70,80)"
GSM2333926,GSE87571,16,M,"[10,20)"
GSM2333927,GSE87571,74,F,"[70,80)"
GSM2333928,GSE87571,63,F,"[60,70)"
GSM2333929,GSE87571,38,F,"[30,40)"
GSM2333930,GSE87571,64,F,"[60,70)"
GSM2333931,GSE87571,68,F,"[60,70)"
GSM2333932,GSE87571,45,F,"[40,50)"
GSM2333933,GSE87571,80,M,"[80,90)"
GSM2333934,GSE87571,46,F,"[40,50)"
GSM2333935,GSE87571,82,M,"[80,90)"
GSM2333936,GSE87571,58,F,"[50,60)"
GSM2333937,GSE87571,69,F,"[60,70)"
GSM2333938,GSE87571,23,F,"[20,30)"
GSM2333939,GSE87571,59,F,"[50,60)"
GSM2333940,GSE87571,79,M,"[70,80)"
GSM2333941,GSE87571,66,M,"[60,70)"
GSM2333942,GSE87571,71,F,"[70,80)"
GSM2333943,GSE87571,55,F,"[50,60)"
GSM2333944,GSE87571,62,M,"[60,70)"
GSM2333945,GSE87571,57,F,"[50,60)"
GSM2333946,GSE87571,50,F,"[50,60)"
GSM2333947,GSE87571,48,M,"[40,50)"
GSM2333948,GSE87571,39,M,"[30,40)"
GSM2333949,GSE87571,81,F,"[80,90)"
GSM2333950,GSE87571,81,M,"[80,90)"
GSM2333951,GSE87571,91,F,"[90,100)"
GSM2333952,GSE87571,15,F,"[10,20)"
GSM2333953,GSE87571,57,F,"[50,60)"
GSM2333954,GSE87571,45,F,"[40,50)"
GSM2333955,GSE87571,45,M,"[40,50)"
GSM2333956,GSE87571,28,M,"[20,30)"
GSM2333957,GSE87571,37,F,"[30,40)"
GSM2333958,GSE87571,69,M,"[60,70)"
GSM2333959,GSE87571,25,M,"[20,30)"
GSM2333960,GSE87571,66,F,"[60,70)"
GSM2333961,GSE87571,22,F,"[20,30)"
GSM2333962,GSE87571,23,M,"[20,30)"
GSM2333963,GSE87571,17,M,"[10,20)"
GSM2333964,GSE87571,17,M,"[10,20)"
GSM2333965,GSE87571,21,M,"[20,30)"
GSM2333966,GSE87571,82,M,"[80,90)"
GSM2333967,GSE87571,62,F,"[60,70)"
GSM2333968,GSE87571,68,M,"[60,70)"
GSM2333969,GSE87571,45,M,"[40,50)"
GSM2333970,GSE87571,42,M,"[40,50)"
GSM2333971,GSE87571,68,M,"[60,70)"
GSM2333972,GSE87571,40,F,"[40,50)"
GSM2333973,GSE87571,44,M,"[40,50)"
GSM2333974,GSE87571,22,F,"[20,30)"
GSM2333975,GSE87571,23,M,"[20,30)"
GSM2333976,GSE87571,25,F,"[20,30)"
GSM2333977,GSE87571,45,F,"[40,50)"
GSM2333978,GSE87571,40,M,"[40,50)"
GSM2333979,GSE87571,81,F,"[80,90)"
GSM2333980,GSE87571,32,F,"[30,40)"
GSM2333981,GSE87571,28,F,"[20,30)"
GSM2333982,GSE87571,19,F,"[10,20)"
GSM2333983,GSE87571,16,F,"[10,20)"
GSM2333984,GSE87571,18,F,"[10,20)"
GSM2333985,GSE87571,19,M,"[10,20)"
GSM2333986,GSE87571,18,F,"[10,20)"
GSM2333987,GSE87571,18,M,"[10,20)"
GSM2333988,GSE87571,18,F,"[10,20)"
GSM2333989,GSE87571,18,M,"[10,20)"
GSM2333990,GSE87571,17,F,"[10,20)"
GSM2333991,GSE87571,82,F,"[80,90)"
GSM2333992,GSE87571,35,F,"[30,40)"
GSM2333993,GSE87571,39,F,"[30,40)"
GSM2333994,GSE87571,49,F,"[40,50)"
GSM2333995,GSE87571,45,M,"[40,50)"
GSM2333996,GSE87571,42,F,"[40,50)"
GSM2333997,GSE87571,18,M,"[10,20)"
GSM2333998,GSE87571,32,F,"[30,40)"
GSM2333999,GSE87571,18,M,"[10,20)"
GSM2334000,GSE87571,40,F,"[40,50)"
GSM2334001,GSE87571,43,F,"[40,50)"
GSM2334002,GSE87571,44,F,"[40,50)"
GSM2334003,GSE87571,46,M,"[40,50)"
GSM2334004,GSE87571,79,F,"[70,80)"
GSM2334005,GSE87571,71,M,"[70,80)"
GSM2334006,GSE87571,70,F,"[70,80)"
GSM2334007,GSE87571,68,F,"[60,70)"
GSM2334008,GSE87571,41,M,"[40,50)"
GSM2334009,GSE87571,62,F,"[60,70)"
GSM2334010,GSE87571,47,F,"[40,50)"
GSM2334011,GSE87571,44,M,"[40,50)"
GSM2334012,GSE87571,51,M,"[50,60)"
GSM2334013,GSE87571,53,M,"[50,60)"
GSM2334014,GSE87571,79,M,"[70,80)"
GSM2334016,GSE87571,68,F,"[60,70)"
GSM2334017,GSE87571,50,M,"[50,60)"
GSM2334018,GSE87571,20,M,"[20,30)"
GSM2334019,GSE87571,73,M,"[70,80)"
GSM2334020,GSE87571,52,M,"[50,60)"
GSM2334021,GSE87571,55,F,"[50,60)"
GSM2334022,GSE87571,22,F,"[20,30)"
GSM2334023,GSE87571,27,M,"[20,30)"
GSM2334024,GSE87571,15,F,"[10,20)"
GSM2334025,GSE87571,26,F,"[20,30)"
GSM2334026,GSE87571,47,M,"[40,50)"
GSM2334027,GSE87571,43,F,"[40,50)"
GSM2334028,GSE87571,49,F,"[40,50)"
GSM2334029,GSE87571,61,F,"[60,70)"
GSM2334030,GSE87571,80,M,"[80,90)"
GSM2334031,GSE87571,48,F,"[40,50)"
GSM2334032,GSE87571,74,F,"[70,80)"
GSM2334033,GSE87571,64,F,"[60,70)"
GSM2334034,GSE87571,31,F,"[30,40)"
GSM2334035,GSE87571,17,M,"[10,20)"
GSM2334036,GSE87571,33,M,"[30,40)"
GSM2334037,GSE87571,76,M,"[70,80)"
GSM2334038,GSE87571,48,M,"[40,50)"
GSM2334039,GSE87571,20,M,"[20,30)"
GSM2334040,GSE87571,67,M,"[60,70)"
GSM2334041,GSE87571,55,F,"[50,60)"
GSM2334042,GSE87571,43,M,"[40,50)"
GSM2334043,GSE87571,56,F,"[50,60)"
GSM2334044,GSE87571,63,M,"[60,70)"
GSM2334045,GSE87571,20,F,"[20,30)"
GSM2334046,GSE87571,75,F,"[70,80)"
GSM2334047,GSE87571,65,M,"[60,70)"
GSM2334048,GSE87571,77,M,"[70,80)"
GSM2334049,GSE87571,26,M,"[20,30)"
GSM2334050,GSE87571,69,M,"[60,70)"
GSM2334051,GSE87571,64,M,"[60,70)"
GSM2334052,GSE87571,43,F,"[40,50)"
GSM2334053,GSE87571,39,F,"[30,40)"
GSM2334054,GSE87571,74,M,"[70,80)"
GSM2334055,GSE87571,44,M,"[40,50)"
GSM2334056,GSE87571,47,M,"[40,50)"
GSM2334057,GSE87571,17,F,"[10,20)"
GSM2334058,GSE87571,19,M,"[10,20)"
GSM2334059,GSE87571,15,F,"[10,20)"
GSM2334060,GSE87571,26,M,"[20,30)"
GSM2334061,GSE87571,18,F,"[10,20)"
GSM2334062,GSE87571,17,M,"[10,20)"
GSM2334063,GSE87571,80,M,"[80,90)"
GSM2334064,GSE87571,79,M,"[70,80)"
GSM2334065,GSE87571,71,F,"[70,80)"
GSM2334066,GSE87571,42,F,"[40,50)"
GSM2334067,GSE87571,14,F,"[10,20)"
GSM2334068,GSE87571,53,M,"[50,60)"
GSM2334069,GSE87571,76,F,"[70,80)"
GSM2334070,GSE87571,46,M,"[40,50)"
GSM2334071,GSE87571,27,M,"[20,30)"
GSM2334072,GSE87571,22,F,"[20,30)"
GSM2334073,GSE87571,44,F,"[40,50)"
GSM2334074,GSE87571,40,F,"[40,50)"
GSM2334075,GSE87571,50,F,"[50,60)"
GSM2334076,GSE87571,67,F,"[60,70)"
GSM2334077,GSE87571,49,M,"[40,50)"
GSM2334078,GSE87571,67,F,"[60,70)"
GSM2334079,GSE87571,48,M,"[40,50)"
GSM2334080,GSE87571,39,F,"[30,40)"
GSM2334081,GSE87571,37,M,"[30,40)"
GSM2334082,GSE87571,30,M,"[30,40)"
GSM2334083,GSE87571,39,M,"[30,40)"
GSM2334084,GSE87571,72,F,"[70,80)"
GSM2334085,GSE87571,86,F,"[80,90)"
GSM2334086,GSE87571,59,F,"[50,60)"
GSM2334087,GSE87571,76,M,"[70,80)"
GSM2334088,GSE87571,73,F,"[70,80)"
GSM2334089,GSE87571,65,F,"[60,70)"
GSM2334090,GSE87571,83,F,"[80,90)"
GSM2334091,GSE87571,72,M,"[70,80)"
GSM2334092,GSE87571,66,F,"[60,70)"
GSM2334093,GSE87571,83,M,"[80,90)"
GSM2334094,GSE87571,22,F,"[20,30)"
GSM2334095,GSE87571,84,M,"[80,90)"
GSM2334096,GSE87571,56,F,"[50,60)"
GSM2334097,GSE87571,69,M,"[60,70)"
GSM2334098,GSE87571,31,F,"[30,40)"
GSM2334099,GSE87571,43,F,"[40,50)"
GSM2334100,GSE87571,60,M,"[60,70)"
GSM2334101,GSE87571,81,M,"[80,90)"
GSM2334102,GSE87571,29,F,"[20,30)"
GSM2334103,GSE87571,32,F,"[30,40)"
GSM2334104,GSE87571,29,F,"[20,30)"
GSM2334105,GSE87571,27,M,"[20,30)"
GSM2334106,GSE87571,35,M,"[30,40)"
GSM2334107,GSE87571,17,F,"[10,20)"
GSM2334108,GSE87571,53,M,"[50,60)"
GSM2334109,GSE87571,16,M,"[10,20)"
GSM2334110,GSE87571,34,F,"[30,40)"
GSM2334111,GSE87571,65,F,"[60,70)"
GSM2334112,GSE87571,36,M,"[30,40)"
GSM2334113,GSE87571,34,F,"[30,40)"
GSM2334114,GSE87571,77,M,"[70,80)"
GSM2334115,GSE87571,58,M,"[50,60)"
GSM2334116,GSE87571,41,F,"[40,50)"
GSM2334117,GSE87571,25,F,"[20,30)"
GSM2334118,GSE87571,40,F,"[40,50)"
GSM2334119,GSE87571,50,M,"[50,60)"
GSM2334120,GSE87571,18,M,"[10,20)"
GSM2334121,GSE87571,32,F,"[30,40)"
GSM2334122,GSE87571,69,F,"[60,70)"
GSM2334123,GSE87571,68,F,"[60,70)"
GSM2334124,GSE87571,48,F,"[40,50)"
GSM2334125,GSE87571,80,F,"[80,90)"
GSM2334126,GSE87571,35,M,"[30,40)"
GSM2334127,GSE87571,57,F,"[50,60)"
GSM2334128,GSE87571,59,M,"[50,60)"
GSM2334129,GSE87571,70,F,"[70,80)"
GSM2334130,GSE87571,49,F,"[40,50)"
GSM2334131,GSE87571,22,F,"[20,30)"
GSM2334132,GSE87571,72,F,"[70,80)"
GSM2334133,GSE87571,47,M,"[40,50)"
GSM2334134,GSE87571,32,F,"[30,40)"
GSM2334135,GSE87571,15,M,"[10,20)"
GSM2334136,GSE87571,31,F,"[30,40)"
GSM2334137,GSE87571,27,M,"[20,30)"
GSM2334138,GSE87571,19,M,"[10,20)"
GSM2334139,GSE87571,76,M,"[70,80)"
GSM2334140,GSE87571,59,M,"[50,60)"
GSM2334141,GSE87571,48,F,"[40,50)"
GSM2334142,GSE87571,71,F,"[70,80)"
GSM2334143,GSE87571,18,M,"[10,20)"
GSM2334144,GSE87571,48,M,"[40,50)"
GSM2334145,GSE87571,17,M,"[10,20)"
GSM2334146,GSE87571,53,F,"[50,60)"
GSM2334147,GSE87571,17,F,"[10,20)"
GSM2334148,GSE87571,17,F,"[10,20)"
GSM2334149,GSE87571,15,F,"[10,20)"
GSM2334150,GSE87571,17,F,"[10,20)"
GSM2334151,GSE87571,19,M,"[10,20)"
GSM2334152,GSE87571,15,F,"[10,20)"
GSM2334153,GSE87571,15,F,"[10,20)"
GSM2334154,GSE87571,43,M,"[40,50)"
GSM2334155,GSE87571,38,M,"[30,40)"
GSM2334156,GSE87571,17,F,"[10,20)"
GSM2334157,GSE87571,23,M,"[20,30)"
GSM2334158,GSE87571,22,F,"[20,30)"
GSM2334159,GSE87571,46,M,"[40,50)"
GSM2334160,GSE87571,24,M,"[20,30)"
GSM2334161,GSE87571,71,F,"[70,80)"
GSM2334162,GSE87571,66,F,"[60,70)"
GSM2334163,GSE87571,77,M,"[70,80)"
GSM2334164,GSE87571,70,M,"[70,80)"
GSM2334165,GSE87571,45,F,"[40,50)"
GSM2334166,GSE87571,65,M,"[60,70)"
GSM2334167,GSE87571,19,F,"[10,20)"
GSM2334168,GSE87571,45,M,"[40,50)"
GSM2334169,GSE87571,41,F,"[40,50)"
GSM2334170,GSE87571,67,M,"[60,70)"
GSM2334171,GSE87571,48,M,"[40,50)"
GSM2334172,GSE87571,49,F,"[40,50)"
GSM2334173,GSE87571,24,F,"[20,30)"
GSM2334174,GSE87571,43,M,"[40,50)"
GSM2334175,GSE87571,21,F,"[20,30)"
GSM2334176,GSE87571,17,F,"[10,20)"
GSM2334177,GSE87571,50,M,"[50,60)"
GSM2334178,GSE87571,15,M,"[10,20)"
GSM2334179,GSE87571,62,M,"[60,70)"
GSM2334180,GSE87571,28,M,"[20,30)"
GSM2334181,GSE87571,16,F,"[10,20)"
GSM2334182,GSE87571,35,F,"[30,40)"
GSM2334183,GSE87571,50,F,"[50,60)"
GSM2334184,GSE87571,63,M,"[60,70)"
GSM2334185,GSE87571,49,M,"[40,50)"
GSM2334186,GSE87571,34,F,"[30,40)"
GSM2334187,GSE87571,47,M,"[40,50)"
GSM2334188,GSE87571,58,F,"[50,60)"
GSM2334189,GSE87571,71,M,"[70,80)"
GSM2334190,GSE87571,23,F,"[20,30)"
GSM2334191,GSE87571,21,M,"[20,30)"
GSM2334192,GSE87571,17,M,"[10,20)"
GSM2334193,GSE87571,71,M,"[70,80)"
GSM2334194,GSE87571,24,M,"[20,30)"
GSM2334195,GSE87571,29,M,"[20,30)"
GSM2334196,GSE87571,39,F,"[30,40)"
GSM2334197,GSE87571,16,F,"[10,20)"
GSM2334198,GSE87571,52,F,"[50,60)"
GSM2334199,GSE87571,27,F,"[20,30)"
GSM2334200,GSE87571,19,F,"[10,20)"
GSM2334201,GSE87571,33,F,"[30,40)"
GSM2334202,GSE87571,61,F,"[60,70)"
GSM2334203,GSE87571,47,F,"[40,50)"
GSM2334204,GSE87571,19,M,"[10,20)"
GSM2334205,GSE87571,51,M,"[50,60)"
GSM2334206,GSE87571,31,F,"[30,40)"
GSM2334207,GSE87571,21,F,"[20,30)"
GSM2334208,GSE87571,20,M,"[20,30)"
GSM2334209,GSE87571,19,F,"[10,20)"
GSM2334210,GSE87571,20,F,"[20,30)"
GSM2334211,GSE87571,44,F,"[40,50)"
GSM2334212,GSE87571,16,M,"[10,20)"
GSM2334214,GSE87571,61,M,"[60,70)"
GSM2334215,GSE87571,41,F,"[40,50)"
GSM2334216,GSE87571,19,F,"[10,20)"
GSM2334218,GSE87571,48,M,"[40,50)"
GSM2334220,GSE87571,40,M,"[40,50)"
GSM2334221,GSE87571,51,M,"[50,60)"
GSM2334222,GSE87571,15,M,"[10,20)"
GSM2334223,GSE87571,78,M,"[70,80)"
GSM2334224,GSE87571,72,M,"[70,80)"
GSM2334225,GSE87571,61,F,"[60,70)"
GSM2334226,GSE87571,33,M,"[30,40)"
GSM2334227,GSE87571,46,M,"[40,50)"
GSM2334228,GSE87571,81,F,"[80,90)"
GSM2334229,GSE87571,69,F,"[60,70)"
GSM2334230,GSE87571,71,M,"[70,80)"
GSM2334231,GSE87571,77,M,"[70,80)"
GSM2334232,GSE87571,54,M,"[50,60)"
GSM2334233,GSE87571,64,F,"[60,70)"
GSM2334234,GSE87571,25,M,"[20,30)"
GSM2334235,GSE87571,41,M,"[40,50)"
GSM2334236,GSE87571,37,F,"[30,40)"
GSM2334237,GSE87571,26,M,"[20,30)"
GSM2334238,GSE87571,61,M,"[60,70)"
GSM2334239,GSE87571,67,F,"[60,70)"
GSM2334240,GSE87571,37,M,"[30,40)"
GSM2334241,GSE87571,36,M,"[30,40)"
GSM2334242,GSE87571,49,M,"[40,50)"
GSM2334243,GSE87571,59,F,"[50,60)"
GSM2334244,GSE87571,50,F,"[50,60)"
GSM2334245,GSE87571,34,F,"[30,40)"
GSM2334246,GSE87571,51,M,"[50,60)"
GSM2334247,GSE87571,25,F,"[20,30)"
GSM2334248,GSE87571,79,M,"[70,80)"
GSM2334249,GSE87571,31,F,"[30,40)"
GSM2334250,GSE87571,40,M,"[40,50)"
GSM2334251,GSE87571,29,F,"[20,30)"
GSM2334252,GSE87571,63,M,"[60,70)"
GSM2334253,GSE87571,45,F,"[40,50)"
GSM2334254,GSE87571,49,M,"[40,50)"
GSM2334255,GSE87571,42,M,"[40,50)"
GSM2334256,GSE87571,47,F,"[40,50)"
GSM2334257,GSE87571,45,M,"[40,50)"
GSM2334258,GSE87571,74,F,"[70,80)"
GSM2334259,GSE87571,72,F,"[70,80)"
GSM2334260,GSE87571,39,F,"[30,40)"
GSM2334261,GSE87571,70,M,"[70,80)"
GSM2334262,GSE87571,15,M,"[10,20)"
GSM2334263,GSE87571,62,F,"[60,70)"
GSM2334264,GSE87571,53,M,"[50,60)"
GSM2334265,GSE87571,31,F,"[30,40)"
GSM2334266,GSE87571,81,M,"[80,90)"
GSM2334267,GSE87571,44,F,"[40,50)"
GSM2334268,GSE87571,69,M,"[60,70)"
GSM2334269,GSE87571,36,M,"[30,40)"
GSM2334270,GSE87571,53,F,"[50,60)"
GSM2334271,GSE87571,15,M,"[10,20)"
GSM2334272,GSE87571,55,F,"[50,60)"
GSM2334273,GSE87571,55,M,"[50,60)"
GSM2334274,GSE87571,15,F,"[10,20)"
GSM2334275,GSE87571,41,M,"[40,50)"
GSM2334276,GSE87571,79,M,"[70,80)"
GSM2334277,GSE87571,50,F,"[50,60)"
GSM2334278,GSE87571,75,M,"[70,80)"
GSM2334279,GSE87571,45,F,"[40,50)"
GSM2334280,GSE87571,73,F,"[70,80)"
GSM2334281,GSE87571,75,F,"[70,80)"
GSM2334282,GSE87571,18,F,"[10,20)"
GSM2334283,GSE87571,74,M,"[70,80)"
GSM2334284,GSE87571,65,F,"[60,70)"
GSM2334285,GSE87571,39,F,"[30,40)"
GSM2334286,GSE87571,47,M,"[40,50)"
GSM2334287,GSE87571,57,M,"[50,60)"
GSM2334288,GSE87571,62,F,"[60,70)"
GSM2334289,GSE87571,69,F,"[60,70)"
GSM2334290,GSE87571,70,M,"[70,80)"
GSM2334291,GSE87571,21,F,"[20,30)"
GSM2334292,GSE87571,63,M,"[60,70)"
GSM2334293,GSE87571,17,F,"[10,20)"
GSM2334294,GSE87571,39,M,"[30,40)"
GSM2334295,GSE87571,56,F,"[50,60)"
GSM2334296,GSE87571,75,M,"[70,80)"
GSM2334297,GSE87571,68,F,"[60,70)"
GSM2334298,GSE87571,38,F,"[30,40)"
GSM2334299,GSE87571,53,M,"[50,60)"
GSM2334300,GSE87571,36,M,"[30,40)"
GSM2334301,GSE87571,70,M,"[70,80)"
GSM2334302,GSE87571,67,M,"[60,70)"
GSM2334303,GSE87571,63,M,"[60,70)"
GSM2334304,GSE87571,47,F,"[40,50)"
GSM2334305,GSE87571,44,M,"[40,50)"
GSM2334306,GSE87571,16,M,"[10,20)"
GSM2334307,GSE87571,80,F,"[80,90)"
GSM2334308,GSE87571,69,F,"[60,70)"
GSM2334309,GSE87571,22,F,"[20,30)"
GSM2334310,GSE87571,19,F,"[10,20)"
GSM2334311,GSE87571,76,F,"[70,80)"
GSM2334312,GSE87571,38,F,"[30,40)"
GSM2334313,GSE87571,54,F,"[50,60)"
GSM2334314,GSE87571,70,F,"[70,80)"
GSM2334315,GSE87571,44,F,"[40,50)"
GSM2334316,GSE87571,16,M,"[10,20)"
GSM2334317,GSE87571,40,M,"[40,50)"
GSM2334318,GSE87571,71,F,"[70,80)"
GSM2334319,GSE87571,67,M,"[60,70)"
GSM2334320,GSE87571,48,F,"[40,50)"
GSM2334321,GSE87571,19,F,"[10,20)"
GSM2334322,GSE87571,18,F,"[10,20)"
GSM2334323,GSE87571,83,F,"[80,90)"
GSM2334324,GSE87571,36,F,"[30,40)"
GSM2334325,GSE87571,16,F,"[10,20)"
GSM2334326,GSE87571,17,M,"[10,20)"
GSM2334327,GSE87571,28,F,"[20,30)"
GSM2334328,GSE87571,23,F,"[20,30)"
GSM2334329,GSE87571,33,F,"[30,40)"
GSM2334330,GSE87571,44,F,"[40,50)"
GSM2334331,GSE87571,40,M,"[40,50)"
GSM2334332,GSE87571,17,M,"[10,20)"
GSM2334333,GSE87571,68,M,"[60,70)"
GSM2334334,GSE87571,82,M,"[80,90)"
GSM2334335,GSE87571,69,M,"[60,70)"
GSM2334336,GSE87571,66,F,"[60,70)"
GSM2334337,GSE87571,42,M,"[40,50)"
GSM2334338,GSE87571,32,F,"[30,40)"
GSM2334339,GSE87571,34,F,"[30,40)"
GSM2334340,GSE87571,46,M,"[40,50)"
GSM2334341,GSE87571,57,F,"[50,60)"
GSM2334343,GSE87571,56,F,"[50,60)"
GSM2334344,GSE87571,51,F,"[50,60)"
GSM2334345,GSE87571,69,M,"[60,70)"
GSM2334346,GSE87571,51,F,"[50,60)"
GSM2334347,GSE87571,61,F,"[60,70)"
GSM2334348,GSE87571,53,M,"[50,60)"
GSM2334349,GSE87571,15,M,"[10,20)"
GSM2334350,GSE87571,36,F,"[30,40)"
GSM2334351,GSE87571,50,M,"[50,60)"
GSM2334352,GSE87571,67,M,"[60,70)"
GSM2334353,GSE87571,50,F,"[50,60)"
GSM2334354,GSE87571,16,M,"[10,20)"
GSM2334355,GSE87571,59,F,"[50,60)"
GSM2334356,GSE87571,21,M,"[20,30)"
GSM2334357,GSE87571,25,M,"[20,30)"
GSM2334358,GSE87571,19,M,"[10,20)"
GSM2334359,GSE87571,60,M,"[60,70)"
GSM2334360,GSE87571,48,F,"[40,50)"
GSM2334361,GSE87571,60,F,"[60,70)"
GSM2334362,GSE87571,15,F,"[10,20)"
GSM2334363,GSE87571,33,F,"[30,40)"
GSM2334364,GSE87571,22,F,"[20,30)"
GSM2334365,GSE87571,54,M,"[50,60)"
GSM2334366,GSE87571,94,F,"[90,100)"
GSM2334367,GSE87571,54,M,"[50,60)"
GSM2334368,GSE87571,25,M,"[20,30)"
GSM2334369,GSE87571,48,M,"[40,50)"
GSM2334370,GSE87571,21,F,"[20,30)"
GSM2334371,GSE87571,62,F,"[60,70)"
GSM2334372,GSE87571,21,F,"[20,30)"
GSM2334373,GSE87571,72,M,"[70,80)"
GSM2334374,GSE87571,48,M,"[40,50)"
GSM2334375,GSE87571,46,F,"[40,50)"
GSM2334376,GSE87571,21,F,"[20,30)"
GSM2334377,GSE87571,81,F,"[80,90)"
GSM2334378,GSE87571,69,M,"[60,70)"
GSM2334379,GSE87571,47,F,"[40,50)"
GSM2334380,GSE87571,85,F,"[80,90)"
GSM2334381,GSE87571,48,M,"[40,50)"
GSM2334382,GSE87571,42,F,"[40,50)"
GSM2334383,GSE87571,34,M,"[30,40)"
GSM2334384,GSE87571,50,F,"[50,60)"
GSM2334385,GSE87571,53,F,"[50,60)"
GSM2334386,GSE87571,41,F,"[40,50)"
GSM2334387,GSE87571,38,F,"[30,40)"
GSM2334388,GSE87571,15,M,"[10,20)"
GSM2334389,GSE87571,77,M,"[70,80)"
GSM2334390,GSE87571,44,F,"[40,50)"
GSM2334391,GSE87571,65,M,"[60,70)"
GSM2334392,GSE87571,33,F,"[30,40)"
GSM2334393,GSE87571,71,M,"[70,80)"
GSM2334394,GSE87571,32,M,"[30,40)"
GSM2334395,GSE87571,58,F,"[50,60)"
GSM2334396,GSE87571,56,F,"[50,60)"
GSM2334397,GSE87571,19,F,"[10,20)"
GSM2334398,GSE87571,23,F,"[20,30)"
GSM2334399,GSE87571,29,F,"[20,30)"
GSM2334400,GSE87571,65,M,"[60,70)"
GSM2334401,GSE87571,36,F,"[30,40)"
GSM2334402,GSE87571,60,F,"[60,70)"
GSM2334403,GSE87571,42,M,"[40,50)"
GSM2334404,GSE87571,70,F,"[70,80)"
GSM2334405,GSE87571,69,F,"[60,70)"
GSM2334406,GSE87571,81,M,"[80,90)"
GSM2334407,GSE87571,48,M,"[40,50)"
GSM2334408,GSE87571,31,M,"[30,40)"
GSM2334409,GSE87571,80,M,"[80,90)"
GSM2334410,GSE87571,56,M,"[50,60)"
GSM2334411,GSE87571,47,M,"[40,50)"
GSM2334412,GSE87571,32,F,"[30,40)"
GSM2334413,GSE87571,16,M,"[10,20)"
GSM2334414,GSE87571,23,F,"[20,30)"
GSM2334415,GSE87571,52,M,"[50,60)"
GSM2334416,GSE87571,74,F,"[70,80)"
GSM2334417,GSE87571,51,F,"[50,60)"
GSM2334418,GSE87571,46,M,"[40,50)"
GSM2334419,GSE87571,35,M,"[30,40)"
GSM2334420,GSE87571,42,M,"[40,50)"
GSM2334421,GSE87571,20,M,"[20,30)"
GSM2334422,GSE87571,35,F,"[30,40)"
GSM2334423,GSE87571,33,F,"[30,40)"
GSM2334424,GSE87571,51,M,"[50,60)"
GSM2334425,GSE87571,49,M,"[40,50)"
GSM2334426,GSE87571,38,M,"[30,40)"
GSM2334427,GSE87571,27,M,"[20,30)"
GSM2334428,GSE87571,17,M,"[10,20)"
GSM2334429,GSE87571,23,F,"[20,30)"
GSM2334430,GSE87571,81,F,"[80,90)"
GSM2334431,GSE87571,29,M,"[20,30)"
GSM2334432,GSE87571,49,F,"[40,50)"
GSM2334433,GSE87571,40,M,"[40,50)"
GSM2334434,GSE87571,39,F,"[30,40)"
GSM2334435,GSE87571,57,M,"[50,60)"
GSM2334436,GSE87571,17,M,"[10,20)"
GSM2334437,GSE87571,39,M,"[30,40)"
GSM2334438,GSE87571,66,F,"[60,70)"
GSM2334439,GSE87571,56,M,"[50,60)"
GSM2334440,GSE87571,72,F,"[70,80)"
GSM2334441,GSE87571,46,F,"[40,50)"
GSM2334442,GSE87571,71,F,"[70,80)"
GSM2334443,GSE87571,53,M,"[50,60)"
GSM2334444,GSE87571,25,M,"[20,30)"
GSM2334445,GSE87571,16,F,"[10,20)"
GSM2334446,GSE87571,20,M,"[20,30)"
GSM2334447,GSE87571,21,F,"[20,30)"
GSM2334448,GSE87571,74,F,"[70,80)"
GSM2334449,GSE87571,56,M,"[50,60)"
GSM2334450,GSE87571,23,F,"[20,30)"
GSM2334451,GSE87571,36,F,"[30,40)"
GSM2334452,GSE87571,23,F,"[20,30)"
GSM2334453,GSE87571,75,M,"[70,80)"
GSM2334454,GSE87571,45,F,"[40,50)"
GSM2334455,GSE87571,80,M,"[80,90)"
GSM2334456,GSE87571,17,M,"[10,20)"
GSM2334457,GSE87571,71,F,"[70,80)"
GSM2334458,GSE87571,49,M,"[40,50)"
GSM2334459,GSE87571,42,F,"[40,50)"
GSM2334460,GSE87571,17,M,"[10,20)"
GSM2334461,GSE87571,73,F,"[70,80)"
GSM2334462,GSE87571,40,M,"[40,50)"
GSM2334463,GSE87571,22,M,"[20,30)"
GSM2334464,GSE87571,57,M,"[50,60)"
GSM2334465,GSE87571,19,F,"[10,20)"
GSM2334466,GSE87571,62,F,"[60,70)"
GSM2334467,GSE87571,32,M,"[30,40)"
GSM2334468,GSE87571,16,F,"[10,20)"
GSM2334469,GSE87571,40,M,"[40,50)"
GSM2334470,GSE87571,59,M,"[50,60)"
GSM2334471,GSE87571,47,F,"[40,50)"
GSM2334472,GSE87571,39,F,"[30,40)"
GSM2334473,GSE87571,46,F,"[40,50)"
GSM2334474,GSE87571,68,M,"[60,70)"
GSM2334475,GSE87571,16,F,"[10,20)"
GSM2334476,GSE87571,21,F,"[20,30)"
GSM2334477,GSE87571,40,F,"[40,50)"
GSM2334478,GSE87571,70,F,"[70,80)"
GSM2334479,GSE87571,55,M,"[50,60)"
GSM2334480,GSE87571,67,M,"[60,70)"
GSM2334481,GSE87571,45,M,"[40,50)"
GSM2334482,GSE87571,54,M,"[50,60)"
GSM2334483,GSE87571,64,M,"[60,70)"
GSM2334484,GSE87571,16,F,"[10,20)"
GSM2334485,GSE87571,51,F,"[50,60)"
GSM2334486,GSE87571,35,F,"[30,40)"
GSM2334487,GSE87571,23,F,"[20,30)"
GSM2334488,GSE87571,78,F,"[70,80)"
GSM2334489,GSE87571,37,F,"[30,40)"
GSM2334490,GSE87571,16,M,"[10,20)"
GSM2334491,GSE87571,44,M,"[40,50)"
GSM2334492,GSE87571,61,F,"[60,70)"
GSM2334493,GSE87571,37,F,"[30,40)"
GSM2334494,GSE87571,19,M,"[10,20)"
GSM2334495,GSE87571,38,M,"[30,40)"
GSM2334496,GSE87571,71,F,"[70,80)"
GSM2334497,GSE87571,15,F,"[10,20)"
GSM2334498,GSE87571,41,F,"[40,50)"
GSM2334499,GSE87571,70,M,"[70,80)"
GSM2334500,GSE87571,18,F,"[10,20)"
GSM2334501,GSE87571,78,M,"[70,80)"
GSM2334502,GSE87571,61,M,"[60,70)"
GSM2334503,GSE87571,80,F,"[80,90)"
GSM2334504,GSE87571,38,F,"[30,40)"
GSM2334505,GSE87571,43,M,"[40,50)"
GSM2334506,GSE87571,66,F,"[60,70)"
GSM2334507,GSE87571,74,F,"[70,80)"
GSM2334508,GSE87571,80,F,"[80,90)"
GSM2334509,GSE87571,18,F,"[10,20)"
GSM2334510,GSE87571,84,M,"[80,90)"
GSM2334511,GSE87571,58,F,"[50,60)"
GSM2334512,GSE87571,50,F,"[50,60)"
GSM2334513,GSE87571,20,M,"[20,30)"
GSM2334514,GSE87571,76,F,"[70,80)"
GSM2334515,GSE87571,74,F,"[70,80)"
GSM2334516,GSE87571,83,M,"[80,90)"
GSM2334517,GSE87571,72,M,"[70,80)"
GSM2334518,GSE87571,24,M,"[20,30)"
GSM2334519,GSE87571,87,M,"[80,90)"
GSM2334520,GSE87571,81,F,"[80,90)"
GSM2334521,GSE87571,40,F,"[40,50)"
GSM2334522,GSE87571,34,M,"[30,40)"
GSM2334523,GSE87571,61,M,"[60,70)"
GSM2334524,GSE87571,18,F,"[10,20)"
GSM2334525,GSE87571,58,M,"[50,60)"
GSM2334526,GSE87571,23,F,"[20,30)"
GSM2334527,GSE87571,33,M,"[30,40)"
GSM2334528,GSE87571,30,F,"[30,40)"
GSM2334529,GSE87571,63,F,"[60,70)"
GSM2334530,GSE87571,88,F,"[80,90)"
GSM2334531,GSE87571,22,M,"[20,30)"
GSM2334532,GSE87571,15,M,"[10,20)"
GSM2334533,GSE87571,53,F,"[50,60)"
GSM2334534,GSE87571,45,F,"[40,50)"
GSM2334535,GSE87571,54,F,"[50,60)"
GSM2334536,GSE87571,63,F,"[60,70)"
GSM2334537,GSE87571,54,M,"[50,60)"
GSM2334538,GSE87571,70,M,"[70,80)"
GSM2334539,GSE87571,33,F,"[30,40)"
GSM2334540,GSE87571,79,M,"[70,80)"
GSM2334541,GSE87571,54,M,"[50,60)"
GSM2334542,GSE87571,57,F,"[50,60)"
GSM2334543,GSE87571,83,M,"[80,90)"
GSM2334544,GSE87571,73,F,"[70,80)"
GSM2334545,GSE87571,58,M,"[50,60)"
GSM2334546,GSE87571,80,F,"[80,90)"
GSM2334547,GSE87571,85,M,"[80,90)"
GSM2334548,GSE87571,45,F,"[40,50)"
GSM2334549,GSE87571,15,M,"[10,20)"
GSM2334550,GSE87571,43,F,"[40,50)"
GSM2334551,GSE87571,45,F,"[40,50)"
GSM2334552,GSE87571,45,F,"[40,50)"
GSM2334553,GSE87571,26,F,"[20,30)"
GSM2334554,GSE87571,48,M,"[40,50)"
GSM2334555,GSE87571,49,F,"[40,50)"
GSM2334556,GSE87571,22,F,"[20,30)"
GSM2334557,GSE87571,18,M,"[10,20)"
GSM2334558,GSE87571,33,M,"[30,40)"
GSM2334559,GSE87571,49,F,"[40,50)"
GSM2334560,GSE87571,31,M,"[30,40)"
GSM2334561,GSE87571,55,F,"[50,60)"
GSM2334562,GSE87571,75,M,"[70,80)"
GSM2334563,GSE87571,42,M,"[40,50)"
GSM2334564,GSE87571,49,F,"[40,50)"
GSM2334565,GSE87571,65,M,"[60,70)"
GSM2334566,GSE87571,53,F,"[50,60)"
GSM2334567,GSE87571,60,F,"[60,70)"
GSM2334568,GSE87571,70,F,"[70,80)"
GSM2334569,GSE87571,16,F,"[10,20)"
GSM2334570,GSE87571,71,F,"[70,80)"
GSM2334571,GSE87571,66,F,"[60,70)"
GSM2334572,GSE87571,20,M,"[20,30)"
GSM2334573,GSE87571,59,F,"[50,60)"
GSM2334574,GSE87571,91,F,"[90,100)"
GSM2334575,GSE87571,80,M,"[80,90)"
GSM2334576,GSE87571,18,F,"[10,20)"
GSM2334577,GSE87571,21,F,"[20,30)"
GSM2334578,GSE87571,16,M,"[10,20)"
GSM2334579,GSE87571,45,M,"[40,50)"
GSM2334580,GSE87571,44,M,"[40,50)"
GSM2334581,GSE87571,82,F,"[80,90)"
GSM2334582,GSE87571,75,F,"[70,80)"
GSM2334583,GSE87571,27,F,"[20,30)"
GSM2334584,GSE87571,21,F,"[20,30)"
GSM2334585,GSE87571,31,M,"[30,40)"
GSM2334586,GSE87571,70,F,"[70,80)"
GSM2334587,GSE87571,48,F,"[40,50)"
GSM2334588,GSE87571,87,F,"[80,90)"
GSM2334589,GSE87571,21,M,"[20,30)"
GSM2334590,GSE87571,77,M,"[70,80)"
GSM2334591,GSE87571,15,F,"[10,20)"
GSM2334592,GSE87571,77,M,"[70,80)"
GSM2334593,GSE87571,81,F,"[80,90)"
GSM2334594,GSE87571,74,M,"[70,80)"
GSM2334595,GSE87571,68,F,"[60,70)"
GSM2334596,GSE87571,73,F,"[70,80)"
GSM2334597,GSE87571,16,F,"[10,20)"
GSM2334598,GSE87571,70,F,"[70,80)"
GSM2334599,GSE87571,42,M,"[40,50)"
GSM2334600,GSE87571,72,F,"[70,80)"
GSM2334601,GSE87571,75,F,"[70,80)"
GSM2334602,GSE87571,38,F,"[30,40)"
GSM2334603,GSE87571,44,M,"[40,50)"
GSM2334604,GSE87571,17,M,"[10,20)"
GSM2334605,GSE87571,65,M,"[60,70)"
GSM2334606,GSE87571,64,M,"[60,70)"
GSM2334607,GSE87571,56,M,"[50,60)"
GSM2334608,GSE87571,44,F,"[40,50)"
GSM2334609,GSE87571,63,F,"[60,70)"
GSM2334610,GSE87571,53,F,"[50,60)"
GSM2334611,GSE87571,15,F,"[10,20)"
GSM2334612,GSE87571,77,F,"[70,80)"
GSM2334613,GSE87571,84,M,"[80,90)"
GSM2334614,GSE87571,73,F,"[70,80)"
GSM2334615,GSE87571,38,F,"[30,40)"
GSM2334616,GSE87571,51,F,"[50,60)"
GSM2334617,GSE87571,45,F,"[40,50)"
GSM2334618,GSE87571,59,M,"[50,60)"
GSM2334620,GSE87571,86,F,"[80,90)"
GSM2334621,GSE87571,62,M,"[60,70)"
GSM2334622,GSE87571,80,M,"[80,90)"
GSM2334623,GSE87571,56,M,"[50,60)"
GSM2334624,GSE87571,25,F,"[20,30)"
GSM2334625,GSE87571,16,M,"[10,20)"
GSM2334626,GSE87571,16,M,"[10,20)"
GSM2334627,GSE87571,53,M,"[50,60)"
GSM2334628,GSE87571,74,F,"[70,80)"
GSM2334629,GSE87571,52,M,"[50,60)"
GSM2334630,GSE87571,70,M,"[70,80)"
GSM2334631,GSE87571,72,M,"[70,80)"
GSM2334632,GSE87571,54,M,"[50,60)"
GSM2334633,GSE87571,52,F,"[50,60)"
GSM2334634,GSE87571,45,F,"[40,50)"
GSM2334635,GSE87571,68,M,"[60,70)"
GSM989827,GSE40279,67,F,"[60,70)"
GSM989828,GSE40279,89,F,"[80,90)"
GSM989829,GSE40279,66,F,"[60,70)"
GSM989830,GSE40279,64,F,"[60,70)"
GSM989831,GSE40279,62,F,"[60,70)"
GSM989832,GSE40279,87,F,"[80,90)"
GSM989833,GSE40279,73,M,"[70,80)"
GSM989834,GSE40279,75,F,"[70,80)"
GSM989835,GSE40279,73,F,"[70,80)"
GSM989836,GSE40279,83,F,"[80,90)"
GSM989837,GSE40279,82,M,"[80,90)"
GSM989838,GSE40279,48,M,"[40,50)"
GSM989839,GSE40279,77,F,"[70,80)"
GSM989840,GSE40279,54,F,"[50,60)"
GSM989841,GSE40279,63,F,"[60,70)"
GSM989842,GSE40279,71,M,"[70,80)"
GSM989843,GSE40279,68,M,"[60,70)"
GSM989844,GSE40279,80,M,"[80,90)"
GSM989845,GSE40279,92,F,"[90,100)"
GSM989846,GSE40279,60,F,"[60,70)"
GSM989847,GSE40279,79,F,"[70,80)"
GSM989848,GSE40279,68,M,"[60,70)"
GSM989849,GSE40279,93,M,"[90,100)"
GSM989850,GSE40279,84,F,"[80,90)"
GSM989851,GSE40279,74,F,"[70,80)"
GSM989852,GSE40279,74,F,"[70,80)"
GSM989853,GSE40279,76,M,"[70,80)"
GSM989854,GSE40279,56,M,"[50,60)"
GSM989855,GSE40279,72,M,"[70,80)"
GSM989856,GSE40279,75,F,"[70,80)"
GSM989857,GSE40279,79,F,"[70,80)"
GSM989858,GSE40279,73,M,"[70,80)"
GSM989859,GSE40279,82,F,"[80,90)"
GSM989860,GSE40279,74,M,"[70,80)"
GSM989861,GSE40279,79,F,"[70,80)"
GSM989862,GSE40279,54,F,"[50,60)"
GSM989863,GSE40279,101,F,"[100,110)"
GSM989864,GSE40279,79,F,"[70,80)"
GSM989865,GSE40279,84,F,"[80,90)"
GSM989866,GSE40279,85,F,"[80,90)"
GSM989867,GSE40279,87,M,"[80,90)"
GSM989868,GSE40279,74,M,"[70,80)"
GSM989869,GSE40279,77,F,"[70,80)"
GSM989870,GSE40279,73,F,"[70,80)"
GSM989871,GSE40279,87,M,"[80,90)"
GSM989872,GSE40279,85,F,"[80,90)"
GSM989873,GSE40279,88,M,"[80,90)"
GSM989874,GSE40279,66,M,"[60,70)"
GSM989875,GSE40279,78,F,"[70,80)"
GSM989876,GSE40279,53,M,"[50,60)"
GSM989877,GSE40279,76,F,"[70,80)"
GSM989878,GSE40279,67,F,"[60,70)"
GSM989879,GSE40279,73,F,"[70,80)"
GSM989880,GSE40279,54,M,"[50,60)"
GSM989881,GSE40279,73,F,"[70,80)"
GSM989882,GSE40279,96,M,"[90,100)"
GSM989883,GSE40279,57,F,"[50,60)"
GSM989884,GSE40279,76,F,"[70,80)"
GSM989885,GSE40279,47,F,"[40,50)"
GSM989886,GSE40279,54,M,"[50,60)"
GSM989887,GSE40279,73,F,"[70,80)"
GSM989888,GSE40279,84,F,"[80,90)"
GSM989889,GSE40279,62,M,"[60,70)"
GSM989890,GSE40279,89,F,"[80,90)"
GSM989891,GSE40279,68,M,"[60,70)"
GSM989892,GSE40279,62,F,"[60,70)"
GSM989893,GSE40279,79,F,"[70,80)"
GSM989894,GSE40279,72,M,"[70,80)"
GSM989895,GSE40279,69,F,"[60,70)"
GSM989896,GSE40279,55,M,"[50,60)"
GSM989897,GSE40279,73,F,"[70,80)"
GSM989898,GSE40279,79,F,"[70,80)"
GSM989899,GSE40279,72,M,"[70,80)"
GSM989900,GSE40279,89,M,"[80,90)"
GSM989901,GSE40279,79,M,"[70,80)"
GSM989902,GSE40279,85,M,"[80,90)"
GSM989903,GSE40279,68,F,"[60,70)"
GSM989904,GSE40279,89,M,"[80,90)"
GSM989905,GSE40279,73,F,"[70,80)"
GSM989906,GSE40279,63,F,"[60,70)"
GSM989907,GSE40279,78,F,"[70,80)"
GSM989908,GSE40279,65,F,"[60,70)"
GSM989909,GSE40279,65,F,"[60,70)"
GSM989910,GSE40279,89,M,"[80,90)"
GSM989911,GSE40279,85,M,"[80,90)"
GSM989912,GSE40279,66,M,"[60,70)"
GSM989913,GSE40279,76,M,"[70,80)"
GSM989914,GSE40279,74,M,"[70,80)"
GSM989915,GSE40279,84,F,"[80,90)"
GSM989916,GSE40279,71,F,"[70,80)"
GSM989917,GSE40279,49,F,"[40,50)"
GSM989918,GSE40279,69,M,"[60,70)"
GSM989919,GSE40279,63,M,"[60,70)"
GSM989920,GSE40279,66,M,"[60,70)"
GSM989921,GSE40279,85,M,"[80,90)"
GSM989922,GSE40279,76,M,"[70,80)"
GSM989923,GSE40279,84,M,"[80,90)"
GSM989924,GSE40279,59,M,"[50,60)"
GSM989925,GSE40279,70,F,"[70,80)"
GSM989926,GSE40279,65,M,"[60,70)"
GSM989927,GSE40279,68,M,"[60,70)"
GSM989928,GSE40279,84,F,"[80,90)"
GSM989929,GSE40279,75,M,"[70,80)"
GSM989930,GSE40279,51,M,"[50,60)"
GSM989931,GSE40279,63,F,"[60,70)"
GSM989932,GSE40279,69,F,"[60,70)"
GSM989933,GSE40279,78,F,"[70,80)"
GSM989934,GSE40279,78,M,"[70,80)"
GSM989935,GSE40279,52,F,"[50,60)"
GSM989936,GSE40279,49,M,"[40,50)"
GSM989937,GSE40279,53,F,"[50,60)"
GSM989938,GSE40279,59,F,"[50,60)"
GSM989939,GSE40279,62,M,"[60,70)"
GSM989940,GSE40279,46,M,"[40,50)"
GSM989941,GSE40279,68,M,"[60,70)"
GSM989942,GSE40279,74,M,"[70,80)"
GSM989943,GSE40279,59,M,"[50,60)"
GSM989944,GSE40279,76,M,"[70,80)"
GSM989945,GSE40279,54,F,"[50,60)"
GSM989946,GSE40279,59,M,"[50,60)"
GSM989947,GSE40279,48,M,"[40,50)"
GSM989948,GSE40279,45,M,"[40,50)"
GSM989949,GSE40279,62,M,"[60,70)"
GSM989950,GSE40279,63,M,"[60,70)"
GSM989951,GSE40279,80,M,"[80,90)"
GSM989952,GSE40279,60,M,"[60,70)"
GSM989953,GSE40279,71,M,"[70,80)"
GSM989954,GSE40279,67,M,"[60,70)"
GSM989955,GSE40279,50,M,"[50,60)"
GSM989956,GSE40279,86,F,"[80,90)"
GSM989957,GSE40279,70,M,"[70,80)"
GSM989958,GSE40279,54,M,"[50,60)"
GSM989959,GSE40279,69,F,"[60,70)"
GSM989960,GSE40279,76,F,"[70,80)"
GSM989961,GSE40279,58,F,"[50,60)"
GSM989962,GSE40279,58,M,"[50,60)"
GSM989963,GSE40279,64,F,"[60,70)"
GSM989964,GSE40279,73,M,"[70,80)"
GSM989965,GSE40279,49,M,"[40,50)"
GSM989966,GSE40279,56,M,"[50,60)"
GSM989967,GSE40279,75,M,"[70,80)"
GSM989968,GSE40279,48,M,"[40,50)"
GSM989969,GSE40279,81,M,"[80,90)"
GSM989970,GSE40279,72,F,"[70,80)"
GSM989971,GSE40279,61,F,"[60,70)"
GSM989972,GSE40279,50,F,"[50,60)"
GSM989973,GSE40279,69,F,"[60,70)"
GSM989974,GSE40279,65,M,"[60,70)"
GSM989975,GSE40279,47,F,"[40,50)"
GSM989976,GSE40279,43,M,"[40,50)"
GSM989977,GSE40279,55,F,"[50,60)"
GSM989978,GSE40279,54,M,"[50,60)"
GSM989979,GSE40279,58,M,"[50,60)"
GSM989980,GSE40279,34,M,"[30,40)"
GSM989981,GSE40279,65,M,"[60,70)"
GSM989982,GSE40279,52,F,"[50,60)"
GSM989983,GSE40279,32,F,"[30,40)"
GSM989984,GSE40279,47,M,"[40,50)"
GSM989985,GSE40279,54,M,"[50,60)"
GSM989986,GSE40279,63,F,"[60,70)"
GSM989987,GSE40279,28,M,"[20,30)"
GSM989988,GSE40279,54,F,"[50,60)"
GSM989989,GSE40279,59,M,"[50,60)"
GSM989990,GSE40279,56,M,"[50,60)"
GSM989991,GSE40279,50,M,"[50,60)"
GSM989992,GSE40279,30,M,"[30,40)"
GSM989993,GSE40279,50,M,"[50,60)"
GSM989994,GSE40279,47,F,"[40,50)"
GSM989995,GSE40279,47,M,"[40,50)"
GSM989996,GSE40279,33,F,"[30,40)"
GSM989997,GSE40279,38,M,"[30,40)"
GSM989998,GSE40279,35,F,"[30,40)"
GSM989999,GSE40279,47,M,"[40,50)"
GSM990000,GSE40279,80,M,"[80,90)"
GSM990001,GSE40279,86,M,"[80,90)"
GSM990002,GSE40279,71,F,"[70,80)"
GSM990003,GSE40279,77,F,"[70,80)"
GSM990004,GSE40279,67,M,"[60,70)"
GSM990005,GSE40279,84,M,"[80,90)"
GSM990006,GSE40279,80,F,"[80,90)"
GSM990007,GSE40279,70,F,"[70,80)"
GSM990008,GSE40279,67,M,"[60,70)"
GSM990009,GSE40279,63,F,"[60,70)"
GSM990010,GSE40279,70,M,"[70,80)"
GSM990011,GSE40279,56,F,"[50,60)"
GSM990012,GSE40279,67,F,"[60,70)"
GSM990013,GSE40279,70,F,"[70,80)"
GSM990014,GSE40279,70,F,"[70,80)"
GSM990015,GSE40279,74,F,"[70,80)"
GSM990016,GSE40279,73,F,"[70,80)"
GSM990017,GSE40279,77,F,"[70,80)"
GSM990018,GSE40279,80,F,"[80,90)"
GSM990019,GSE40279,66,F,"[60,70)"
GSM990020,GSE40279,85,M,"[80,90)"
GSM990021,GSE40279,76,M,"[70,80)"
GSM990022,GSE40279,78,F,"[70,80)"
GSM990023,GSE40279,82,F,"[80,90)"
GSM990024,GSE40279,76,F,"[70,80)"
GSM990025,GSE40279,71,F,"[70,80)"
GSM990026,GSE40279,82,F,"[80,90)"
GSM990027,GSE40279,83,M,"[80,90)"
GSM990028,GSE40279,79,F,"[70,80)"
GSM990029,GSE40279,75,F,"[70,80)"
GSM990030,GSE40279,68,M,"[60,70)"
GSM990031,GSE40279,64,M,"[60,70)"
GSM990032,GSE40279,70,M,"[70,80)"
GSM990033,GSE40279,92,M,"[90,100)"
GSM990034,GSE40279,74,M,"[70,80)"
GSM990035,GSE40279,69,F,"[60,70)"
GSM990036,GSE40279,80,F,"[80,90)"
GSM990037,GSE40279,63,F,"[60,70)"
GSM990038,GSE40279,77,F,"[70,80)"
GSM990039,GSE40279,81,F,"[80,90)"
GSM990040,GSE40279,82,F,"[80,90)"
GSM990041,GSE40279,69,M,"[60,70)"
GSM990042,GSE40279,73,F,"[70,80)"
GSM990043,GSE40279,66,M,"[60,70)"
GSM990044,GSE40279,87,F,"[80,90)"
GSM990045,GSE40279,68,F,"[60,70)"
GSM990046,GSE40279,69,F,"[60,70)"
GSM990047,GSE40279,76,M,"[70,80)"
GSM990048,GSE40279,69,F,"[60,70)"
GSM990049,GSE40279,81,M,"[80,90)"
GSM990050,GSE40279,71,F,"[70,80)"
GSM990051,GSE40279,71,F,"[70,80)"
GSM990052,GSE40279,75,F,"[70,80)"
GSM990053,GSE40279,60,F,"[60,70)"
GSM990054,GSE40279,77,F,"[70,80)"
GSM990055,GSE40279,85,M,"[80,90)"
GSM990056,GSE40279,70,F,"[70,80)"
GSM990057,GSE40279,62,F,"[60,70)"
GSM990058,GSE40279,69,M,"[60,70)"
GSM990059,GSE40279,73,F,"[70,80)"
GSM990060,GSE40279,73,M,"[70,80)"
GSM990061,GSE40279,74,F,"[70,80)"
GSM990062,GSE40279,73,M,"[70,80)"
GSM990063,GSE40279,86,M,"[80,90)"
GSM990064,GSE40279,83,M,"[80,90)"
GSM990065,GSE40279,76,F,"[70,80)"
GSM990066,GSE40279,75,M,"[70,80)"
GSM990067,GSE40279,64,F,"[60,70)"
GSM990068,GSE40279,67,F,"[60,70)"
GSM990069,GSE40279,88,F,"[80,90)"
GSM990070,GSE40279,48,F,"[40,50)"
GSM990071,GSE40279,44,M,"[40,50)"
GSM990072,GSE40279,48,M,"[40,50)"
GSM990073,GSE40279,62,F,"[60,70)"
GSM990074,GSE40279,54,F,"[50,60)"
GSM990075,GSE40279,46,F,"[40,50)"
GSM990076,GSE40279,60,F,"[60,70)"
GSM990077,GSE40279,40,M,"[40,50)"
GSM990078,GSE40279,43,M,"[40,50)"
GSM990079,GSE40279,41,M,"[40,50)"
GSM990080,GSE40279,53,M,"[50,60)"
GSM990081,GSE40279,48,M,"[40,50)"
GSM990082,GSE40279,71,F,"[70,80)"
GSM990083,GSE40279,52,M,"[50,60)"
GSM990084,GSE40279,64,M,"[60,70)"
GSM990085,GSE40279,48,M,"[40,50)"
GSM990086,GSE40279,55,F,"[50,60)"
GSM990087,GSE40279,68,M,"[60,70)"
GSM990088,GSE40279,46,M,"[40,50)"
GSM990089,GSE40279,64,M,"[60,70)"
GSM990090,GSE40279,57,F,"[50,60)"
GSM990091,GSE40279,45,M,"[40,50)"
GSM990092,GSE40279,51,M,"[50,60)"
GSM990093,GSE40279,53,M,"[50,60)"
GSM990094,GSE40279,60,M,"[60,70)"
GSM990095,GSE40279,51,M,"[50,60)"
GSM990096,GSE40279,73,F,"[70,80)"
GSM990097,GSE40279,38,F,"[30,40)"
GSM990098,GSE40279,42,M,"[40,50)"
GSM990099,GSE40279,64,M,"[60,70)"
GSM990100,GSE40279,58,F,"[50,60)"
GSM990101,GSE40279,43,F,"[40,50)"
GSM990102,GSE40279,38,F,"[30,40)"
GSM990103,GSE40279,54,F,"[50,60)"
GSM990104,GSE40279,70,M,"[70,80)"
GSM990105,GSE40279,44,M,"[40,50)"
GSM990106,GSE40279,62,F,"[60,70)"
GSM990107,GSE40279,51,M,"[50,60)"
GSM990108,GSE40279,41,M,"[40,50)"
GSM990109,GSE40279,53,M,"[50,60)"
GSM990110,GSE40279,65,M,"[60,70)"
GSM990111,GSE40279,50,M,"[50,60)"
GSM990112,GSE40279,55,F,"[50,60)"
GSM990113,GSE40279,62,F,"[60,70)"
GSM990114,GSE40279,61,F,"[60,70)"
GSM990115,GSE40279,38,M,"[30,40)"
GSM990116,GSE40279,59,F,"[50,60)"
GSM990117,GSE40279,64,F,"[60,70)"
GSM990118,GSE40279,57,F,"[50,60)"
GSM990119,GSE40279,57,F,"[50,60)"
GSM990120,GSE40279,49,M,"[40,50)"
GSM990121,GSE40279,64,F,"[60,70)"
GSM990122,GSE40279,66,M,"[60,70)"
GSM990268,GSE40279,52,M,"[50,60)"
GSM990269,GSE40279,43,M,"[40,50)"
GSM990270,GSE40279,49,F,"[40,50)"
GSM990271,GSE40279,51,F,"[50,60)"
GSM990272,GSE40279,58,M,"[50,60)"
GSM990273,GSE40279,63,M,"[60,70)"
GSM990274,GSE40279,55,M,"[50,60)"
GSM990275,GSE40279,50,M,"[50,60)"
GSM990276,GSE40279,57,M,"[50,60)"
GSM990277,GSE40279,33,M,"[30,40)"
GSM990278,GSE40279,46,M,"[40,50)"
GSM990279,GSE40279,46,M,"[40,50)"
GSM990280,GSE40279,66,M,"[60,70)"
GSM990281,GSE40279,55,M,"[50,60)"
GSM990282,GSE40279,64,F,"[60,70)"
GSM990283,GSE40279,46,M,"[40,50)"
GSM990284,GSE40279,66,M,"[60,70)"
GSM990285,GSE40279,47,M,"[40,50)"
GSM990286,GSE40279,58,F,"[50,60)"
GSM990287,GSE40279,61,M,"[60,70)"
GSM990288,GSE40279,48,F,"[40,50)"
GSM990289,GSE40279,45,F,"[40,50)"
GSM990290,GSE40279,62,F,"[60,70)"
GSM990291,GSE40279,50,M,"[50,60)"
GSM990292,GSE40279,34,F,"[30,40)"
GSM990293,GSE40279,64,M,"[60,70)"
GSM990294,GSE40279,55,M,"[50,60)"
GSM990295,GSE40279,48,M,"[40,50)"
GSM990296,GSE40279,60,M,"[60,70)"
GSM990297,GSE40279,64,M,"[60,70)"
GSM990298,GSE40279,58,M,"[50,60)"
GSM990299,GSE40279,37,M,"[30,40)"
GSM990300,GSE40279,60,F,"[60,70)"
GSM990301,GSE40279,63,M,"[60,70)"
GSM990302,GSE40279,59,F,"[50,60)"
GSM990303,GSE40279,54,F,"[50,60)"
GSM990304,GSE40279,60,M,"[60,70)"
GSM990305,GSE40279,51,F,"[50,60)"
GSM990306,GSE40279,63,F,"[60,70)"
GSM990307,GSE40279,64,F,"[60,70)"
GSM990308,GSE40279,64,F,"[60,70)"
GSM990309,GSE40279,44,F,"[40,50)"
GSM990310,GSE40279,65,M,"[60,70)"
GSM990311,GSE40279,66,M,"[60,70)"
GSM990312,GSE40279,51,F,"[50,60)"
GSM990313,GSE40279,61,F,"[60,70)"
GSM990314,GSE40279,52,M,"[50,60)"
GSM990315,GSE40279,61,M,"[60,70)"
GSM990316,GSE40279,59,M,"[50,60)"
GSM990317,GSE40279,57,M,"[50,60)"
GSM990318,GSE40279,52,F,"[50,60)"
GSM990319,GSE40279,55,F,"[50,60)"
GSM990320,GSE40279,59,M,"[50,60)"
GSM990321,GSE40279,59,F,"[50,60)"
GSM990322,GSE40279,61,F,"[60,70)"
GSM990323,GSE40279,46,F,"[40,50)"
GSM990324,GSE40279,31,M,"[30,40)"
GSM990325,GSE40279,55,F,"[50,60)"
GSM990326,GSE40279,53,F,"[50,60)"
GSM990327,GSE40279,42,F,"[40,50)"
GSM990328,GSE40279,59,F,"[50,60)"
GSM990329,GSE40279,50,M,"[50,60)"
GSM990330,GSE40279,52,F,"[50,60)"
GSM990331,GSE40279,45,M,"[40,50)"
GSM990332,GSE40279,65,F,"[60,70)"
GSM990333,GSE40279,59,F,"[50,60)"
GSM990334,GSE40279,58,F,"[50,60)"
GSM990335,GSE40279,64,F,"[60,70)"
GSM990336,GSE40279,61,F,"[60,70)"
GSM990337,GSE40279,67,M,"[60,70)"
GSM990338,GSE40279,59,F,"[50,60)"
GSM990339,GSE40279,58,F,"[50,60)"
GSM990340,GSE40279,54,F,"[50,60)"
GSM990341,GSE40279,57,F,"[50,60)"
GSM990342,GSE40279,60,F,"[60,70)"
GSM990343,GSE40279,50,F,"[50,60)"
GSM990344,GSE40279,57,F,"[50,60)"
GSM990345,GSE40279,66,F,"[60,70)"
GSM990346,GSE40279,44,F,"[40,50)"
GSM990347,GSE40279,62,F,"[60,70)"
GSM990348,GSE40279,76,M,"[70,80)"
GSM990349,GSE40279,48,F,"[40,50)"
GSM990350,GSE40279,46,F,"[40,50)"
GSM990351,GSE40279,41,F,"[40,50)"
GSM990352,GSE40279,59,F,"[50,60)"
GSM990353,GSE40279,52,F,"[50,60)"
GSM990354,GSE40279,50,F,"[50,60)"
GSM990355,GSE40279,45,M,"[40,50)"
GSM990356,GSE40279,52,M,"[50,60)"
GSM990357,GSE40279,54,F,"[50,60)"
GSM990358,GSE40279,62,F,"[60,70)"
GSM990359,GSE40279,62,F,"[60,70)"
GSM990360,GSE40279,63,M,"[60,70)"
GSM990361,GSE40279,55,F,"[50,60)"
GSM990362,GSE40279,60,F,"[60,70)"
GSM990363,GSE40279,65,M,"[60,70)"
GSM990364,GSE40279,64,F,"[60,70)"
GSM990365,GSE40279,57,F,"[50,60)"
GSM990366,GSE40279,63,F,"[60,70)"
GSM990367,GSE40279,40,F,"[40,50)"
GSM990368,GSE40279,57,F,"[50,60)"
GSM990369,GSE40279,38,M,"[30,40)"
GSM990370,GSE40279,64,M,"[60,70)"
GSM990371,GSE40279,59,F,"[50,60)"
GSM990372,GSE40279,58,F,"[50,60)"
GSM990373,GSE40279,41,F,"[40,50)"
GSM990374,GSE40279,58,M,"[50,60)"
GSM990375,GSE40279,26,M,"[20,30)"
GSM990376,GSE40279,61,M,"[60,70)"
GSM990377,GSE40279,56,F,"[50,60)"
GSM990378,GSE40279,66,F,"[60,70)"
GSM990379,GSE40279,62,F,"[60,70)"
GSM990380,GSE40279,56,M,"[50,60)"
GSM990381,GSE40279,55,F,"[50,60)"
GSM990382,GSE40279,61,F,"[60,70)"
GSM990383,GSE40279,58,F,"[50,60)"
GSM990384,GSE40279,53,M,"[50,60)"
GSM990385,GSE40279,63,F,"[60,70)"
GSM990386,GSE40279,59,M,"[50,60)"
GSM990387,GSE40279,61,F,"[60,70)"
GSM990388,GSE40279,66,F,"[60,70)"
GSM990389,GSE40279,65,F,"[60,70)"
GSM990390,GSE40279,58,F,"[50,60)"
GSM990391,GSE40279,43,F,"[40,50)"
GSM990392,GSE40279,55,F,"[50,60)"
GSM990393,GSE40279,47,M,"[40,50)"
GSM990394,GSE40279,50,F,"[50,60)"
GSM990395,GSE40279,46,F,"[40,50)"
GSM990396,GSE40279,54,F,"[50,60)"
GSM990397,GSE40279,80,F,"[80,90)"
GSM990398,GSE40279,83,F,"[80,90)"
GSM990399,GSE40279,77,M,"[70,80)"
GSM990400,GSE40279,76,F,"[70,80)"
GSM990401,GSE40279,64,F,"[60,70)"
GSM990402,GSE40279,70,M,"[70,80)"
GSM990403,GSE40279,82,F,"[80,90)"
GSM990404,GSE40279,58,F,"[50,60)"
GSM990405,GSE40279,66,F,"[60,70)"
GSM990406,GSE40279,85,F,"[80,90)"
GSM990407,GSE40279,66,M,"[60,70)"
GSM990408,GSE40279,69,M,"[60,70)"
GSM990409,GSE40279,84,F,"[80,90)"
GSM990410,GSE40279,79,M,"[70,80)"
GSM990411,GSE40279,64,M,"[60,70)"
GSM990412,GSE40279,78,M,"[70,80)"
GSM990413,GSE40279,53,M,"[50,60)"
GSM990414,GSE40279,59,F,"[50,60)"
GSM990415,GSE40279,65,M,"[60,70)"
GSM990416,GSE40279,61,F,"[60,70)"
GSM990417,GSE40279,58,M,"[50,60)"
GSM990418,GSE40279,69,F,"[60,70)"
GSM990419,GSE40279,60,F,"[60,70)"
GSM990420,GSE40279,65,F,"[60,70)"
GSM990421,GSE40279,89,F,"[80,90)"
GSM990422,GSE40279,74,F,"[70,80)"
GSM990423,GSE40279,81,M,"[80,90)"
GSM990424,GSE40279,68,F,"[60,70)"
GSM990425,GSE40279,68,F,"[60,70)"
GSM990426,GSE40279,65,F,"[60,70)"
GSM990427,GSE40279,90,M,"[90,100)"
GSM990428,GSE40279,66,M,"[60,70)"
GSM990429,GSE40279,79,M,"[70,80)"
GSM990430,GSE40279,57,M,"[50,60)"
GSM990431,GSE40279,76,M,"[70,80)"
GSM990432,GSE40279,79,F,"[70,80)"
GSM990433,GSE40279,49,F,"[40,50)"
GSM990434,GSE40279,92,M,"[90,100)"
GSM990435,GSE40279,66,M,"[60,70)"
GSM990436,GSE40279,59,F,"[50,60)"
GSM990437,GSE40279,76,F,"[70,80)"
GSM990438,GSE40279,56,F,"[50,60)"
GSM990439,GSE40279,52,M,"[50,60)"
GSM990440,GSE40279,65,F,"[60,70)"
GSM990441,GSE40279,73,F,"[70,80)"
GSM990442,GSE40279,65,M,"[60,70)"
GSM990443,GSE40279,84,F,"[80,90)"
GSM990444,GSE40279,51,M,"[50,60)"
GSM990445,GSE40279,78,F,"[70,80)"
GSM990446,GSE40279,53,M,"[50,60)"
GSM990447,GSE40279,68,M,"[60,70)"
GSM990448,GSE40279,52,M,"[50,60)"
GSM990449,GSE40279,72,F,"[70,80)"
GSM990450,GSE40279,48,M,"[40,50)"
GSM990451,GSE40279,60,F,"[60,70)"
GSM990452,GSE40279,61,M,"[60,70)"
GSM990453,GSE40279,69,F,"[60,70)"
GSM990454,GSE40279,81,F,"[80,90)"
GSM990455,GSE40279,56,F,"[50,60)"
GSM990456,GSE40279,79,F,"[70,80)"
GSM990457,GSE40279,82,M,"[80,90)"
GSM990458,GSE40279,58,M,"[50,60)"
GSM990459,GSE40279,75,F,"[70,80)"
GSM990460,GSE40279,78,M,"[70,80)"
GSM990461,GSE40279,57,F,"[50,60)"
GSM990462,GSE40279,70,F,"[70,80)"
GSM990463,GSE40279,77,M,"[70,80)"
GSM990464,GSE40279,56,F,"[50,60)"
GSM990465,GSE40279,67,F,"[60,70)"
GSM990466,GSE40279,76,M,"[70,80)"
GSM990467,GSE40279,89,M,"[80,90)"
GSM990468,GSE40279,69,M,"[60,70)"
GSM990469,GSE40279,79,M,"[70,80)"
GSM990470,GSE40279,80,M,"[80,90)"
GSM990471,GSE40279,76,M,"[70,80)"
GSM990472,GSE40279,48,F,"[40,50)"
GSM990473,GSE40279,61,M,"[60,70)"
GSM990474,GSE40279,52,M,"[50,60)"
GSM990475,GSE40279,69,M,"[60,70)"
GSM990476,GSE40279,41,F,"[40,50)"
GSM990477,GSE40279,69,M,"[60,70)"
GSM990478,GSE40279,65,M,"[60,70)"
GSM990479,GSE40279,45,M,"[40,50)"
GSM990480,GSE40279,66,M,"[60,70)"
GSM990481,GSE40279,76,M,"[70,80)"
GSM990482,GSE40279,76,M,"[70,80)"
GSM990483,GSE40279,45,F,"[40,50)"
GSM990484,GSE40279,71,M,"[70,80)"
GSM990485,GSE40279,52,F,"[50,60)"
GSM990486,GSE40279,84,M,"[80,90)"
GSM990487,GSE40279,57,M,"[50,60)"
GSM990488,GSE40279,68,M,"[60,70)"
GSM990489,GSE40279,74,M,"[70,80)"
GSM990490,GSE40279,33,M,"[30,40)"
GSM990491,GSE40279,68,M,"[60,70)"
GSM990492,GSE40279,73,M,"[70,80)"
GSM990493,GSE40279,79,M,"[70,80)"
GSM990494,GSE40279,72,M,"[70,80)"
GSM990495,GSE40279,78,M,"[70,80)"
GSM990496,GSE40279,68,F,"[60,70)"
GSM990497,GSE40279,52,M,"[50,60)"
GSM990498,GSE40279,64,M,"[60,70)"
GSM990499,GSE40279,27,M,"[20,30)"
GSM990500,GSE40279,29,M,"[20,30)"
GSM990501,GSE40279,44,M,"[40,50)"
GSM990502,GSE40279,41,F,"[40,50)"
GSM990503,GSE40279,45,M,"[40,50)"
GSM990504,GSE40279,27,F,"[20,30)"
GSM990505,GSE40279,48,F,"[40,50)"
GSM990506,GSE40279,56,F,"[50,60)"
GSM990507,GSE40279,34,M,"[30,40)"
GSM990508,GSE40279,69,M,"[60,70)"
GSM990509,GSE40279,56,M,"[50,60)"
GSM990510,GSE40279,47,M,"[40,50)"
GSM990511,GSE40279,56,F,"[50,60)"
GSM990512,GSE40279,60,M,"[60,70)"
GSM990513,GSE40279,75,F,"[70,80)"
GSM990514,GSE40279,60,M,"[60,70)"
GSM990515,GSE40279,47,M,"[40,50)"
GSM990516,GSE40279,55,M,"[50,60)"
GSM990517,GSE40279,32,M,"[30,40)"
GSM990518,GSE40279,23,M,"[20,30)"
GSM990519,GSE40279,43,F,"[40,50)"
GSM990520,GSE40279,47,F,"[40,50)"
GSM990521,GSE40279,44,F,"[40,50)"
GSM990522,GSE40279,37,F,"[30,40)"
GSM990523,GSE40279,27,M,"[20,30)"
GSM990524,GSE40279,69,F,"[60,70)"
GSM990525,GSE40279,28,F,"[20,30)"
GSM990526,GSE40279,51,F,"[50,60)"
GSM990527,GSE40279,57,F,"[50,60)"
GSM990528,GSE40279,19,M,"[10,20)"
GSM990529,GSE40279,44,F,"[40,50)"
GSM990530,GSE40279,49,M,"[40,50)"
GSM990531,GSE40279,34,M,"[30,40)"
GSM990532,GSE40279,44,F,"[40,50)"
GSM990533,GSE40279,62,F,"[60,70)"
GSM990534,GSE40279,30,M,"[30,40)"
GSM990535,GSE40279,49,M,"[40,50)"
GSM990536,GSE40279,36,M,"[30,40)"
GSM990537,GSE40279,25,F,"[20,30)"
GSM990538,GSE40279,36,F,"[30,40)"
GSM990539,GSE40279,21,F,"[20,30)"
GSM990540,GSE40279,40,F,"[40,50)"
GSM990541,GSE40279,22,F,"[20,30)"
GSM990542,GSE40279,36,F,"[30,40)"
GSM990543,GSE40279,58,M,"[50,60)"
GSM990544,GSE40279,83,F,"[80,90)"
GSM990545,GSE40279,69,F,"[60,70)"
GSM990546,GSE40279,89,M,"[80,90)"
GSM990547,GSE40279,89,F,"[80,90)"
GSM990548,GSE40279,66,M,"[60,70)"
GSM990549,GSE40279,55,F,"[50,60)"
GSM990550,GSE40279,82,F,"[80,90)"
GSM990551,GSE40279,73,M,"[70,80)"
GSM990552,GSE40279,77,F,"[70,80)"
GSM990553,GSE40279,80,M,"[80,90)"
GSM990554,GSE40279,79,M,"[70,80)"
GSM990555,GSE40279,73,F,"[70,80)"
GSM990556,GSE40279,82,F,"[80,90)"
GSM990557,GSE40279,85,M,"[80,90)"
GSM990558,GSE40279,91,F,"[90,100)"
GSM990559,GSE40279,85,M,"[80,90)"
GSM990560,GSE40279,86,M,"[80,90)"
GSM990561,GSE40279,74,M,"[70,80)"
GSM990562,GSE40279,90,M,"[90,100)"
GSM990563,GSE40279,87,M,"[80,90)"
GSM990564,GSE40279,76,M,"[70,80)"
GSM990565,GSE40279,81,F,"[80,90)"
GSM990566,GSE40279,59,M,"[50,60)"
GSM990567,GSE40279,73,F,"[70,80)"
GSM990568,GSE40279,76,M,"[70,80)"
GSM990569,GSE40279,85,M,"[80,90)"
GSM990570,GSE40279,69,F,"[60,70)"
GSM990571,GSE40279,85,F,"[80,90)"
GSM990572,GSE40279,85,F,"[80,90)"
GSM990573,GSE40279,84,F,"[80,90)"
GSM990574,GSE40279,83,F,"[80,90)"
GSM990575,GSE40279,67,F,"[60,70)"
GSM990576,GSE40279,85,M,"[80,90)"
GSM990577,GSE40279,76,M,"[70,80)"
GSM990578,GSE40279,87,M,"[80,90)"
GSM990579,GSE40279,84,M,"[80,90)"
GSM990580,GSE40279,82,M,"[80,90)"
GSM990581,GSE40279,93,F,"[90,100)"
GSM990582,GSE40279,71,M,"[70,80)"
GSM990583,GSE40279,80,F,"[80,90)"
GSM990584,GSE40279,88,F,"[80,90)"
GSM990585,GSE40279,72,M,"[70,80)"
GSM990586,GSE40279,77,M,"[70,80)"
GSM990587,GSE40279,56,M,"[50,60)"
GSM990588,GSE40279,92,M,"[90,100)"
GSM990589,GSE40279,78,M,"[70,80)"
GSM990590,GSE40279,71,F,"[70,80)"
GSM990591,GSE40279,89,F,"[80,90)"
GSM990592,GSE40279,54,F,"[50,60)"
GSM990593,GSE40279,66,F,"[60,70)"
GSM990594,GSE40279,75,M,"[70,80)"
GSM990595,GSE40279,90,M,"[90,100)"
GSM990596,GSE40279,66,F,"[60,70)"
GSM990597,GSE40279,77,F,"[70,80)"
GSM990598,GSE40279,82,M,"[80,90)"
GSM990599,GSE40279,65,F,"[60,70)"
GSM990600,GSE40279,58,M,"[50,60)"
GSM990601,GSE40279,75,M,"[70,80)"
GSM990602,GSE40279,88,F,"[80,90)"
GSM990603,GSE40279,74,F,"[70,80)"
GSM990604,GSE40279,69,M,"[60,70)"
GSM990605,GSE40279,83,F,"[80,90)"
GSM990606,GSE40279,83,F,"[80,90)"
GSM990607,GSE40279,70,F,"[70,80)"
GSM990608,GSE40279,64,M,"[60,70)"
GSM990609,GSE40279,50,M,"[50,60)"
GSM990610,GSE40279,74,M,"[70,80)"
GSM990611,GSE40279,69,F,"[60,70)"
GSM990612,GSE40279,86,M,"[80,90)"
GSM990613,GSE40279,66,F,"[60,70)"
GSM990614,GSE40279,70,F,"[70,80)"
GSM990615,GSE40279,89,M,"[80,90)"
GSM990616,GSE40279,78,M,"[70,80)"
GSM990617,GSE40279,69,F,"[60,70)"
GSM990618,GSE40279,64,F,"[60,70)"
GSM990619,GSE40279,79,F,"[70,80)"
GSM990620,GSE40279,92,F,"[90,100)"
GSM990621,GSE40279,70,F,"[70,80)"
GSM990622,GSE40279,77,F,"[70,80)"
GSM990623,GSE40279,78,F,"[70,80)"
GSM990624,GSE40279,71,M,"[70,80)"
GSM990625,GSE40279,68,M,"[60,70)"
GSM990626,GSE40279,61,F,"[60,70)"
GSM990627,GSE40279,73,M,"[70,80)"
GSM1235534,GSE51032,54.322,F,"[50,60)"
GSM1235535,GSE51032,44.561,F,"[40,50)"
GSM1235536,GSE51032,50.869,F,"[50,60)"
GSM1235537,GSE51032,46.858,F,"[40,50)"
GSM1235538,GSE51032,56.192,F,"[50,60)"
GSM1235539,GSE51032,52.055,F,"[50,60)"
GSM1235540,GSE51032,56.372,F,"[50,60)"
GSM1235541,GSE51032,44.257,F,"[40,50)"
GSM1235542,GSE51032,55.737,F,"[50,60)"
GSM1235543,GSE51032,51.329,F,"[50,60)"
GSM1235544,GSE51032,47.283,F,"[40,50)"
GSM1235545,GSE51032,38.686,F,"[30,40)"
GSM1235546,GSE51032,59.978,F,"[50,60)"
GSM1235547,GSE51032,50.409,F,"[50,60)"
GSM1235548,GSE51032,49.533,F,"[40,50)"
GSM1235549,GSE51032,58.746,F,"[50,60)"
GSM1235550,GSE51032,52.107,F,"[50,60)"
GSM1235551,GSE51032,53.09,F,"[50,60)"
GSM1235552,GSE51032,51.444,F,"[50,60)"
GSM1235553,GSE51032,44.772,F,"[40,50)"
GSM1235554,GSE51032,53.487,F,"[50,60)"
GSM1235555,GSE51032,58.576,F,"[50,60)"
GSM1235556,GSE51032,61.002,F,"[60,70)"
GSM1235557,GSE51032,58.344,F,"[50,60)"
GSM1235558,GSE51032,54.412,F,"[50,60)"
GSM1235559,GSE51032,51.633,F,"[50,60)"
GSM1235560,GSE51032,56.726,F,"[50,60)"
GSM1235561,GSE51032,58.505,F,"[50,60)"
GSM1235562,GSE51032,43.866,F,"[40,50)"
GSM1235563,GSE51032,54.494,F,"[50,60)"
GSM1235564,GSE51032,55.792,F,"[50,60)"
GSM1235565,GSE51032,55.696,F,"[50,60)"
GSM1235566,GSE51032,42.576,F,"[40,50)"
GSM1235567,GSE51032,64.178,F,"[60,70)"
GSM1235568,GSE51032,53.621,F,"[50,60)"
GSM1235569,GSE51032,54.401,F,"[50,60)"
GSM1235570,GSE51032,58.787,F,"[50,60)"
GSM1235571,GSE51032,42.949,F,"[40,50)"
GSM1235572,GSE51032,51.866,F,"[50,60)"
GSM1235573,GSE51032,41.344,F,"[40,50)"
GSM1235574,GSE51032,58.453,F,"[50,60)"
GSM1235575,GSE51032,43.387,F,"[40,50)"
GSM1235576,GSE51032,41.218,F,"[40,50)"
GSM1235577,GSE51032,39.439,F,"[30,40)"
GSM1235578,GSE51032,61.413,F,"[60,70)"
GSM1235579,GSE51032,59.912,F,"[50,60)"
GSM1235580,GSE51032,54.226,F,"[50,60)"
GSM1235581,GSE51032,50.196,F,"[50,60)"
GSM1235582,GSE51032,42.658,F,"[40,50)"
GSM1235583,GSE51032,50.251,F,"[50,60)"
GSM1235584,GSE51032,52.408,F,"[50,60)"
GSM1235585,GSE51032,52.35,F,"[50,60)"
GSM1235586,GSE51032,38.927,F,"[30,40)"
GSM1235587,GSE51032,50.853,F,"[50,60)"
GSM1235588,GSE51032,64.394,F,"[60,70)"
GSM1235589,GSE51032,56.575,F,"[50,60)"
GSM1235590,GSE51032,55.981,F,"[50,60)"
GSM1235591,GSE51032,39.439,F,"[30,40)"
GSM1235592,GSE51032,60.246,F,"[60,70)"
GSM1235593,GSE51032,62.962,F,"[60,70)"
GSM1235594,GSE51032,49.429,F,"[40,50)"
GSM1235595,GSE51032,60.487,F,"[60,70)"
GSM1235596,GSE51032,61.177,F,"[60,70)"
GSM1235597,GSE51032,64.372,F,"[60,70)"
GSM1235598,GSE51032,44.454,F,"[40,50)"
GSM1235599,GSE51032,43.992,F,"[40,50)"
GSM1235600,GSE51032,56.197,F,"[50,60)"
GSM1235601,GSE51032,47.68,F,"[40,50)"
GSM1235602,GSE51032,58.448,F,"[50,60)"
GSM1235603,GSE51032,63.107,F,"[60,70)"
GSM1235604,GSE51032,63.896,F,"[60,70)"
GSM1235605,GSE51032,63.91,F,"[60,70)"
GSM1235606,GSE51032,56.843,F,"[50,60)"
GSM1235607,GSE51032,63.713,F,"[60,70)"
GSM1235608,GSE51032,50.103,F,"[50,60)"
GSM1235609,GSE51032,45.394,F,"[40,50)"
GSM1235610,GSE51032,61.812,F,"[60,70)"
GSM1235611,GSE51032,58.502,F,"[50,60)"
GSM1235612,GSE51032,58.834,F,"[50,60)"
GSM1235613,GSE51032,55.915,F,"[50,60)"
GSM1235614,GSE51032,60.348,F,"[60,70)"
GSM1235615,GSE51032,49.035,F,"[40,50)"
GSM1235616,GSE51032,44.186,F,"[40,50)"
GSM1235617,GSE51032,59.31,F,"[50,60)"
GSM1235618,GSE51032,53.372,F,"[50,60)"
GSM1235619,GSE51032,45.153,F,"[40,50)"
GSM1235620,GSE51032,54.333,F,"[50,60)"
GSM1235621,GSE51032,59.201,F,"[50,60)"
GSM1235622,GSE51032,52.682,F,"[50,60)"
GSM1235623,GSE51032,59.89,F,"[50,60)"
GSM1235624,GSE51032,57.399,F,"[50,60)"
GSM1235625,GSE51032,51.674,F,"[50,60)"
GSM1235626,GSE51032,47.012,F,"[40,50)"
GSM1235627,GSE51032,48.37,F,"[40,50)"
GSM1235628,GSE51032,56.131,F,"[50,60)"
GSM1235629,GSE51032,42.119,F,"[40,50)"
GSM1235630,GSE51032,57.169,F,"[50,60)"
GSM1235631,GSE51032,56.627,F,"[50,60)"
GSM1235632,GSE51032,64.676,F,"[60,70)"
GSM1235633,GSE51032,44.865,F,"[40,50)"
GSM1235634,GSE51032,44.268,F,"[40,50)"
GSM1235635,GSE51032,52.022,F,"[50,60)"
GSM1235636,GSE51032,54.513,F,"[50,60)"
GSM1235637,GSE51032,65.046,F,"[60,70)"
GSM1235638,GSE51032,57.169,F,"[50,60)"
GSM1235639,GSE51032,51.622,F,"[50,60)"
GSM1235640,GSE51032,48.6,F,"[40,50)"
GSM1235641,GSE51032,38.809,F,"[30,40)"
GSM1235642,GSE51032,51.978,F,"[50,60)"
GSM1235643,GSE51032,49.459,F,"[40,50)"
GSM1235644,GSE51032,43.365,F,"[40,50)"
GSM1235645,GSE51032,53.38,F,"[50,60)"
GSM1235646,GSE51032,51.058,F,"[50,60)"
GSM1235647,GSE51032,58.85,F,"[50,60)"
GSM1235648,GSE51032,57.413,F,"[50,60)"
GSM1235649,GSE51032,54.237,F,"[50,60)"
GSM1235650,GSE51032,57.533,F,"[50,60)"
GSM1235651,GSE51032,45.618,F,"[40,50)"
GSM1235652,GSE51032,52.044,F,"[50,60)"
GSM1235653,GSE51032,49.895,F,"[40,50)"
GSM1235654,GSE51032,54.122,F,"[50,60)"
GSM1235655,GSE51032,57.719,F,"[50,60)"
GSM1235656,GSE51032,46.453,F,"[40,50)"
GSM1235657,GSE51032,48.559,F,"[40,50)"
GSM1235658,GSE51032,52.575,F,"[50,60)"
GSM1235659,GSE51032,38.541,F,"[30,40)"
GSM1235660,GSE51032,52.271,F,"[50,60)"
GSM1235661,GSE51032,57.369,F,"[50,60)"
GSM1235662,GSE51032,52.783,F,"[50,60)"
GSM1235663,GSE51032,52.501,F,"[50,60)"
GSM1235664,GSE51032,54.971,F,"[50,60)"
GSM1235665,GSE51032,57.662,F,"[50,60)"
GSM1235666,GSE51032,50.001,F,"[50,60)"
GSM1235667,GSE51032,40.731,F,"[40,50)"
GSM1235668,GSE51032,46.081,F,"[40,50)"
GSM1235669,GSE51032,47.619,M,"[40,50)"
GSM1235670,GSE51032,48.559,F,"[40,50)"
GSM1235671,GSE51032,61.938,F,"[60,70)"
GSM1235672,GSE51032,43.354,F,"[40,50)"
GSM1235673,GSE51032,59.493,F,"[50,60)"
GSM1235674,GSE51032,50.294,M,"[50,60)"
GSM1235675,GSE51032,60.567,F,"[60,70)"
GSM1235676,GSE51032,56.413,F,"[50,60)"
GSM1235677,GSE51032,47.899,F,"[40,50)"
GSM1235678,GSE51032,48.411,F,"[40,50)"
GSM1235679,GSE51032,54.108,F,"[50,60)"
GSM1235680,GSE51032,57.544,F,"[50,60)"
GSM1235681,GSE51032,49.339,F,"[40,50)"
GSM1235682,GSE51032,53.864,F,"[50,60)"
GSM1235683,GSE51032,48.75,F,"[40,50)"
GSM1235684,GSE51032,42.001,F,"[40,50)"
GSM1235685,GSE51032,55.45,F,"[50,60)"
GSM1235686,GSE51032,40.991,F,"[40,50)"
GSM1235687,GSE51032,56.167,F,"[50,60)"
GSM1235688,GSE51032,50.979,F,"[50,60)"
GSM1235689,GSE51032,50.497,F,"[50,60)"
GSM1235690,GSE51032,62.368,F,"[60,70)"
GSM1235691,GSE51032,57.478,M,"[50,60)"
GSM1235692,GSE51032,51.713,M,"[50,60)"
GSM1235693,GSE51032,46.954,M,"[40,50)"
GSM1235694,GSE51032,56.137,F,"[50,60)"
GSM1235695,GSE51032,55.943,M,"[50,60)"
GSM1235696,GSE51032,49.027,F,"[40,50)"
GSM1235697,GSE51032,48.958,F,"[40,50)"
GSM1235698,GSE51032,48.424,M,"[40,50)"
GSM1235699,GSE51032,43.201,M,"[40,50)"
GSM1235700,GSE51032,52.75,M,"[50,60)"
GSM1235701,GSE51032,53.391,F,"[50,60)"
GSM1235702,GSE51032,39.863,M,"[30,40)"
GSM1235703,GSE51032,47.105,F,"[40,50)"
GSM1235704,GSE51032,63.786,F,"[60,70)"
GSM1235705,GSE51032,54.366,F,"[50,60)"
GSM1235706,GSE51032,57.394,F,"[50,60)"
GSM1235707,GSE51032,43.228,F,"[40,50)"
GSM1235708,GSE51032,47.639,F,"[40,50)"
GSM1235709,GSE51032,64.728,F,"[60,70)"
GSM1235710,GSE51032,55.389,F,"[50,60)"
GSM1235711,GSE51032,58.815,F,"[50,60)"
GSM1235712,GSE51032,57.478,F,"[50,60)"
GSM1235713,GSE51032,59.22,F,"[50,60)"
GSM1235714,GSE51032,61.298,F,"[60,70)"
GSM1235715,GSE51032,58.407,F,"[50,60)"
GSM1235716,GSE51032,61.758,F,"[60,70)"
GSM1235717,GSE51032,57.12,F,"[50,60)"
GSM1235718,GSE51032,65.834,F,"[60,70)"
GSM1235719,GSE51032,47.491,M,"[40,50)"
GSM1235720,GSE51032,46.59,M,"[40,50)"
GSM1235721,GSE51032,52.791,F,"[50,60)"
GSM1235722,GSE51032,48.556,F,"[40,50)"
GSM1235723,GSE51032,56.033,F,"[50,60)"
GSM1235724,GSE51032,56.638,F,"[50,60)"
GSM1235725,GSE51032,60.52,F,"[60,70)"
GSM1235726,GSE51032,49.24,F,"[40,50)"
GSM1235727,GSE51032,70.393,F,"[70,80)"
GSM1235728,GSE51032,45.777,F,"[40,50)"
GSM1235729,GSE51032,68.151,F,"[60,70)"
GSM1235730,GSE51032,58.601,F,"[50,60)"
GSM1235731,GSE51032,43.37,F,"[40,50)"
GSM1235732,GSE51032,56.72,F,"[50,60)"
GSM1235733,GSE51032,64.841,F,"[60,70)"
GSM1235734,GSE51032,42.68,F,"[40,50)"
GSM1235735,GSE51032,72.047,F,"[70,80)"
GSM1235736,GSE51032,71.94,F,"[70,80)"
GSM1235737,GSE51032,68.712,F,"[60,70)"
GSM1235738,GSE51032,71.329,F,"[70,80)"
GSM1235739,GSE51032,60.222,F,"[60,70)"
GSM1235740,GSE51032,45.44,F,"[40,50)"
GSM1235741,GSE51032,63.176,F,"[60,70)"
GSM1235742,GSE51032,64.709,F,"[60,70)"
GSM1235743,GSE51032,44.92,F,"[40,50)"
GSM1235744,GSE51032,52.107,M,"[50,60)"
GSM1235745,GSE51032,65.303,M,"[60,70)"
GSM1235746,GSE51032,53.845,F,"[50,60)"
GSM1235747,GSE51032,64.293,M,"[60,70)"
GSM1235748,GSE51032,63.863,M,"[60,70)"
GSM1235749,GSE51032,52.542,M,"[50,60)"
GSM1235750,GSE51032,54.251,F,"[50,60)"
GSM1235751,GSE51032,67.576,F,"[60,70)"
GSM1235752,GSE51032,65.018,F,"[60,70)"
GSM1235753,GSE51032,45.503,F,"[40,50)"
GSM1235754,GSE51032,59.822,M,"[50,60)"
GSM1235755,GSE51032,46.73,M,"[40,50)"
GSM1235756,GSE51032,52.882,F,"[50,60)"
GSM1235757,GSE51032,47.239,F,"[40,50)"
GSM1235758,GSE51032,53.314,F,"[50,60)"
GSM1235759,GSE51032,62.193,F,"[60,70)"
GSM1235760,GSE51032,54.815,F,"[50,60)"
GSM1235761,GSE51032,53.068,F,"[50,60)"
GSM1235762,GSE51032,64.731,F,"[60,70)"
GSM1235763,GSE51032,44.624,F,"[40,50)"
GSM1235764,GSE51032,70.064,F,"[70,80)"
GSM1235765,GSE51032,46.248,F,"[40,50)"
GSM1235766,GSE51032,46.927,F,"[40,50)"
GSM1235767,GSE51032,65.963,M,"[60,70)"
GSM1235768,GSE51032,57.306,M,"[50,60)"
GSM1235769,GSE51032,49.572,M,"[40,50)"
GSM1235770,GSE51032,46.229,F,"[40,50)"
GSM1235771,GSE51032,63.622,M,"[60,70)"
GSM1235772,GSE51032,44.148,F,"[40,50)"
GSM1235773,GSE51032,63.562,M,"[60,70)"
GSM1235774,GSE51032,59.099,M,"[50,60)"
GSM1235775,GSE51032,56.397,M,"[50,60)"
GSM1235776,GSE51032,57.112,M,"[50,60)"
GSM1235777,GSE51032,60.205,M,"[60,70)"
GSM1235778,GSE51032,51.233,M,"[50,60)"
GSM1235779,GSE51032,53.903,M,"[50,60)"
GSM1235780,GSE51032,59.039,M,"[50,60)"
GSM1235781,GSE51032,53.183,F,"[50,60)"
GSM1235782,GSE51032,57.908,F,"[50,60)"
GSM1235783,GSE51032,67.94,M,"[60,70)"
GSM1235784,GSE51032,53.35,F,"[50,60)"
GSM1235785,GSE51032,61.799,M,"[60,70)"
GSM1235786,GSE51032,43.395,F,"[40,50)"
GSM1235787,GSE51032,63.206,F,"[60,70)"
GSM1235788,GSE51032,48.361,F,"[40,50)"
GSM1235789,GSE51032,43.211,F,"[40,50)"
GSM1235790,GSE51032,63.176,F,"[60,70)"
GSM1235791,GSE51032,62.292,M,"[60,70)"
GSM1235792,GSE51032,50.965,F,"[50,60)"
GSM1235793,GSE51032,43.34,F,"[40,50)"
GSM1235794,GSE51032,44.512,M,"[40,50)"
GSM1235795,GSE51032,58.992,F,"[50,60)"
GSM1235796,GSE51032,45.355,M,"[40,50)"
GSM1235797,GSE51032,54.193,M,"[50,60)"
GSM1235798,GSE51032,58.752,M,"[50,60)"
GSM1235799,GSE51032,59.617,M,"[50,60)"
GSM1235800,GSE51032,53.38,F,"[50,60)"
GSM1235801,GSE51032,50.174,M,"[50,60)"
GSM1235802,GSE51032,60.29,M,"[60,70)"
GSM1235803,GSE51032,60.72,M,"[60,70)"
GSM1235804,GSE51032,43.463,F,"[40,50)"
GSM1235805,GSE51032,57.944,M,"[50,60)"
GSM1235806,GSE51032,57.284,F,"[50,60)"
GSM1235807,GSE51032,62.07,M,"[60,70)"
GSM1235808,GSE51032,57.169,M,"[50,60)"
GSM1235809,GSE51032,57.563,F,"[50,60)"
GSM1235810,GSE51032,58.448,M,"[50,60)"
GSM1235811,GSE51032,57.279,F,"[50,60)"
GSM1235812,GSE51032,43.904,F,"[40,50)"
GSM1235813,GSE51032,47.773,F,"[40,50)"
GSM1235814,GSE51032,47.14,F,"[40,50)"
GSM1235815,GSE51032,58.355,F,"[50,60)"
GSM1235816,GSE51032,53.013,F,"[50,60)"
GSM1235817,GSE51032,41.284,F,"[40,50)"
GSM1235818,GSE51032,42.059,F,"[40,50)"
GSM1235819,GSE51032,45.292,F,"[40,50)"
GSM1235820,GSE51032,45.864,F,"[40,50)"
GSM1235821,GSE51032,54.7,F,"[50,60)"
GSM1235822,GSE51032,56.821,F,"[50,60)"
GSM1235823,GSE51032,59.305,M,"[50,60)"
GSM1235824,GSE51032,41.739,F,"[40,50)"
GSM1235825,GSE51032,41.739,F,"[40,50)"
GSM1235826,GSE51032,42.779,F,"[40,50)"
GSM1235827,GSE51032,39.116,F,"[30,40)"
GSM1235828,GSE51032,51.203,M,"[50,60)"
GSM1235829,GSE51032,57.169,F,"[50,60)"
GSM1235830,GSE51032,58.048,F,"[50,60)"
GSM1235831,GSE51032,43.211,F,"[40,50)"
GSM1235832,GSE51032,58.565,F,"[50,60)"
GSM1235833,GSE51032,64.684,F,"[60,70)"
GSM1235834,GSE51032,52.914,M,"[50,60)"
GSM1235835,GSE51032,59.852,F,"[50,60)"
GSM1235836,GSE51032,57.328,F,"[50,60)"
GSM1235837,GSE51032,55.335,M,"[50,60)"
GSM1235838,GSE51032,59.253,F,"[50,60)"
GSM1235839,GSE51032,54.721,M,"[50,60)"
GSM1235840,GSE51032,54.157,M,"[50,60)"
GSM1235841,GSE51032,56.704,M,"[50,60)"
GSM1235842,GSE51032,59.838,M,"[50,60)"
GSM1235843,GSE51032,56.257,F,"[50,60)"
GSM1235844,GSE51032,48.416,F,"[40,50)"
GSM1235845,GSE51032,58.33,M,"[50,60)"
GSM1235846,GSE51032,60.342,M,"[60,70)"
GSM1235847,GSE51032,59.587,M,"[50,60)"
GSM1235848,GSE51032,62.464,M,"[60,70)"
GSM1235849,GSE51032,57.435,M,"[50,60)"
GSM1235850,GSE51032,58.984,F,"[50,60)"
GSM1235851,GSE51032,58.954,M,"[50,60)"
GSM1235852,GSE51032,61.815,F,"[60,70)"
GSM1235853,GSE51032,35.48,M,"[30,40)"
GSM1235854,GSE51032,35.461,M,"[30,40)"
GSM1235855,GSE51032,52.389,M,"[50,60)"
GSM1235856,GSE51032,63.51,M,"[60,70)"
GSM1235857,GSE51032,45.566,F,"[40,50)"
GSM1235858,GSE51032,56.422,F,"[50,60)"
GSM1235859,GSE51032,56.567,F,"[50,60)"
GSM1235860,GSE51032,54.59,M,"[50,60)"
GSM1235861,GSE51032,63.989,M,"[60,70)"
GSM1235862,GSE51032,46.697,F,"[40,50)"
GSM1235863,GSE51032,51.745,F,"[50,60)"
GSM1235864,GSE51032,63.619,M,"[60,70)"
GSM1235865,GSE51032,55.463,M,"[50,60)"
GSM1235866,GSE51032,57.388,F,"[50,60)"
GSM1235867,GSE51032,51.061,F,"[50,60)"
GSM1235868,GSE51032,48.682,F,"[40,50)"
GSM1235869,GSE51032,52.079,M,"[50,60)"
GSM1235870,GSE51032,53.84,F,"[50,60)"
GSM1235871,GSE51032,49.336,F,"[40,50)"
GSM1235872,GSE51032,53.758,F,"[50,60)"
GSM1235873,GSE51032,56.512,F,"[50,60)"
GSM1235874,GSE51032,53.27,F,"[50,60)"
GSM1235875,GSE51032,46.1,F,"[40,50)"
GSM1235876,GSE51032,37.142,F,"[30,40)"
GSM1235877,GSE51032,52.912,M,"[50,60)"
GSM1235878,GSE51032,57.235,F,"[50,60)"
GSM1235879,GSE51032,56.12,M,"[50,60)"
GSM1235880,GSE51032,48.701,F,"[40,50)"
GSM1235881,GSE51032,61.919,M,"[60,70)"
GSM1235882,GSE51032,55.244,M,"[50,60)"
GSM1235883,GSE51032,62.864,F,"[60,70)"
GSM1235884,GSE51032,57.988,M,"[50,60)"
GSM1235885,GSE51032,40.356,F,"[40,50)"
GSM1235886,GSE51032,36.172,F,"[30,40)"
GSM1235887,GSE51032,52.914,F,"[50,60)"
GSM1235888,GSE51032,62.333,M,"[60,70)"
GSM1235889,GSE51032,56.569,M,"[50,60)"
GSM1235890,GSE51032,42.779,F,"[40,50)"
GSM1235891,GSE51032,36.06,F,"[30,40)"
GSM1235892,GSE51032,57.426,F,"[50,60)"
GSM1235893,GSE51032,61.435,M,"[60,70)"
GSM1235894,GSE51032,55.102,M,"[50,60)"
GSM1235895,GSE51032,34.379,F,"[30,40)"
GSM1235896,GSE51032,53.101,F,"[50,60)"
GSM1235897,GSE51032,46.475,F,"[40,50)"
GSM1235898,GSE51032,54.431,F,"[50,60)"
GSM1235899,GSE51032,56.753,M,"[50,60)"
GSM1235900,GSE51032,58.231,F,"[50,60)"
GSM1235901,GSE51032,54.157,F,"[50,60)"
GSM1235902,GSE51032,52.632,M,"[50,60)"
GSM1235903,GSE51032,62.968,F,"[60,70)"
GSM1235904,GSE51032,35.039,F,"[30,40)"
GSM1235905,GSE51032,56.277,M,"[50,60)"
GSM1235906,GSE51032,59.707,M,"[50,60)"
GSM1235907,GSE51032,59.655,M,"[50,60)"
GSM1235908,GSE51032,58.845,F,"[50,60)"
GSM1235909,GSE51032,54.79,M,"[50,60)"
GSM1235910,GSE51032,45.331,F,"[40,50)"
GSM1235911,GSE51032,58.513,F,"[50,60)"
GSM1235912,GSE51032,64.274,F,"[60,70)"
GSM1235913,GSE51032,53.109,F,"[50,60)"
GSM1235914,GSE51032,35.852,F,"[30,40)"
GSM1235915,GSE51032,43.578,F,"[40,50)"
GSM1235916,GSE51032,39.622,F,"[30,40)"
GSM1235917,GSE51032,60.271,M,"[60,70)"
GSM1235918,GSE51032,52.296,F,"[50,60)"
GSM1235919,GSE51032,50.637,F,"[50,60)"
GSM1235920,GSE51032,41.008,F,"[40,50)"
GSM1235921,GSE51032,59.77,M,"[50,60)"
GSM1235922,GSE51032,62.76,F,"[60,70)"
GSM1235923,GSE51032,52.057,M,"[50,60)"
GSM1235924,GSE51032,61.785,M,"[60,70)"
GSM1235925,GSE51032,56.282,F,"[50,60)"
GSM1235926,GSE51032,55.428,F,"[50,60)"
GSM1235927,GSE51032,58.601,F,"[50,60)"
GSM1235928,GSE51032,34.587,F,"[30,40)"
GSM1235929,GSE51032,55.379,F,"[50,60)"
GSM1235930,GSE51032,47.702,F,"[40,50)"
GSM1235931,GSE51032,54.486,M,"[50,60)"
GSM1235932,GSE51032,38.754,F,"[30,40)"
GSM1235933,GSE51032,61.142,M,"[60,70)"
GSM1235934,GSE51032,57.572,F,"[50,60)"
GSM1235935,GSE51032,59.291,F,"[50,60)"
GSM1235936,GSE51032,61.281,F,"[60,70)"
GSM1235937,GSE51032,39.332,F,"[30,40)"
GSM1235938,GSE51032,57.799,M,"[50,60)"
GSM1235939,GSE51032,58.47,F,"[50,60)"
GSM1235940,GSE51032,54.571,F,"[50,60)"
GSM1235941,GSE51032,57.752,F,"[50,60)"
GSM1235942,GSE51032,57.941,M,"[50,60)"
GSM1235943,GSE51032,34.913,F,"[30,40)"
GSM1235944,GSE51032,64.534,M,"[60,70)"
GSM1235945,GSE51032,58.267,M,"[50,60)"
GSM1235946,GSE51032,54.223,M,"[50,60)"
GSM1235947,GSE51032,58.223,F,"[50,60)"
GSM1235948,GSE51032,53.788,F,"[50,60)"
GSM1235949,GSE51032,54.757,F,"[50,60)"
GSM1235950,GSE51032,50.949,F,"[50,60)"
GSM1235951,GSE51032,37.739,F,"[30,40)"
GSM1235952,GSE51032,52.392,F,"[50,60)"
GSM1235953,GSE51032,46.48,F,"[40,50)"
GSM1235954,GSE51032,63.825,M,"[60,70)"
GSM1235955,GSE51032,44.925,F,"[40,50)"
GSM1235956,GSE51032,55.852,M,"[50,60)"
GSM1235957,GSE51032,57.922,F,"[50,60)"
GSM1235958,GSE51032,43.502,F,"[40,50)"
GSM1235959,GSE51032,40.734,F,"[40,50)"
GSM1235960,GSE51032,44,F,"[40,50)"
GSM1235961,GSE51032,36.2,F,"[30,40)"
GSM1235962,GSE51032,52.931,F,"[50,60)"
GSM1235963,GSE51032,57.906,F,"[50,60)"
GSM1235964,GSE51032,54.319,F,"[50,60)"
GSM1235965,GSE51032,59.236,M,"[50,60)"
GSM1235966,GSE51032,55.792,F,"[50,60)"
GSM1235967,GSE51032,60.044,M,"[60,70)"
GSM1235968,GSE51032,38.527,F,"[30,40)"
GSM1235969,GSE51032,41.459,F,"[40,50)"
GSM1235970,GSE51032,58.853,M,"[50,60)"
GSM1235971,GSE51032,57.413,M,"[50,60)"
GSM1235972,GSE51032,63.455,M,"[60,70)"
GSM1235973,GSE51032,47.406,F,"[40,50)"
GSM1235974,GSE51032,58.962,M,"[50,60)"
GSM1235975,GSE51032,48.531,F,"[40,50)"
GSM1235976,GSE51032,57.016,M,"[50,60)"
GSM1235977,GSE51032,56.674,F,"[50,60)"
GSM1235978,GSE51032,58.346,F,"[50,60)"
GSM1235979,GSE51032,44.591,F,"[40,50)"
GSM1235980,GSE51032,60.657,M,"[60,70)"
GSM1235981,GSE51032,37.103,F,"[30,40)"
GSM1235982,GSE51032,59.028,F,"[50,60)"
GSM1235983,GSE51032,64.679,M,"[60,70)"
GSM1235984,GSE51032,58.442,F,"[50,60)"
GSM1235985,GSE51032,47.745,F,"[40,50)"
GSM1235986,GSE51032,57.952,M,"[50,60)"
GSM1235987,GSE51032,58.543,F,"[50,60)"
GSM1235988,GSE51032,62.732,F,"[60,70)"
GSM1235989,GSE51032,54.248,F,"[50,60)"
GSM1235990,GSE51032,59.97,M,"[50,60)"
GSM1235991,GSE51032,62.563,M,"[60,70)"
GSM1235992,GSE51032,36.252,F,"[30,40)"
GSM1235993,GSE51032,48.654,F,"[40,50)"
GSM1235994,GSE51032,47.915,F,"[40,50)"
GSM1235995,GSE51032,59.587,F,"[50,60)"
GSM1235996,GSE51032,56.142,F,"[50,60)"
GSM1235997,GSE51032,45.804,M,"[40,50)"
GSM1235998,GSE51032,42.998,F,"[40,50)"
GSM1235999,GSE51032,53.284,F,"[50,60)"
GSM1236000,GSE51032,42.22,F,"[40,50)"
GSM1236001,GSE51032,54.264,F,"[50,60)"
GSM1236002,GSE51032,44.304,F,"[40,50)"
GSM1236003,GSE51032,46.79,F,"[40,50)"
GSM1236004,GSE51032,56.225,F,"[50,60)"
GSM1236005,GSE51032,45.881,F,"[40,50)"
GSM1236006,GSE51032,45.755,F,"[40,50)"
GSM1236007,GSE51032,38.092,F,"[30,40)"
GSM1236008,GSE51032,55.181,F,"[50,60)"
GSM1236009,GSE51032,51.127,F,"[50,60)"
GSM1236010,GSE51032,37.476,F,"[30,40)"
GSM1236011,GSE51032,53.719,M,"[50,60)"
GSM1236012,GSE51032,39.143,F,"[30,40)"
GSM1236013,GSE51032,53.383,F,"[50,60)"
GSM1236014,GSE51032,62.387,M,"[60,70)"
GSM1236015,GSE51032,60.474,F,"[60,70)"
GSM1236016,GSE51032,52.537,F,"[50,60)"
GSM1236017,GSE51032,60.342,M,"[60,70)"
GSM1236018,GSE51032,61.812,F,"[60,70)"
GSM1236019,GSE51032,61.092,F,"[60,70)"
GSM1236020,GSE51032,51.044,F,"[50,60)"
GSM1236021,GSE51032,61.645,F,"[60,70)"
GSM1236022,GSE51032,48.903,M,"[40,50)"
GSM1236023,GSE51032,55.222,M,"[50,60)"
GSM1236024,GSE51032,53.982,F,"[50,60)"
GSM1236025,GSE51032,55.08,F,"[50,60)"
GSM1236026,GSE51032,58.146,F,"[50,60)"
GSM1236027,GSE51032,61.177,M,"[60,70)"
GSM1236028,GSE51032,56.534,M,"[50,60)"
GSM1236029,GSE51032,48.063,F,"[40,50)"
GSM1236030,GSE51032,55.518,M,"[50,60)"
GSM1236031,GSE51032,57.911,M,"[50,60)"
GSM1236032,GSE51032,50.869,F,"[50,60)"
GSM1236033,GSE51032,49.361,M,"[40,50)"
GSM1236034,GSE51032,35.403,F,"[30,40)"
GSM1236035,GSE51032,52.953,F,"[50,60)"
GSM1236036,GSE51032,60.444,M,"[60,70)"
GSM1236037,GSE51032,61.621,F,"[60,70)"
GSM1236038,GSE51032,45.429,M,"[40,50)"
GSM1236039,GSE51032,36.572,F,"[30,40)"
GSM1236040,GSE51032,53.426,M,"[50,60)"
GSM1236041,GSE51032,50.842,F,"[50,60)"
GSM1236042,GSE51032,43.622,F,"[40,50)"
GSM1236043,GSE51032,46.497,F,"[40,50)"
GSM1236044,GSE51032,48.285,M,"[40,50)"
GSM1236045,GSE51032,51.25,F,"[50,60)"
GSM1236046,GSE51032,51.745,F,"[50,60)"
GSM1236047,GSE51032,55.71,F,"[50,60)"
GSM1236048,GSE51032,44.999,F,"[40,50)"
GSM1236049,GSE51032,56.394,F,"[50,60)"
GSM1236050,GSE51032,55.299,F,"[50,60)"
GSM1236051,GSE51032,53.979,M,"[50,60)"
GSM1236052,GSE51032,41.207,F,"[40,50)"
GSM1236053,GSE51032,59.691,F,"[50,60)"
GSM1236054,GSE51032,43.551,F,"[40,50)"
GSM1236055,GSE51032,56.687,M,"[50,60)"
GSM1236056,GSE51032,49.366,F,"[40,50)"
GSM1236057,GSE51032,54.185,F,"[50,60)"
GSM1236058,GSE51032,52.424,F,"[50,60)"
GSM1236059,GSE51032,44.895,F,"[40,50)"
GSM1236060,GSE51032,63.584,F,"[60,70)"
GSM1236061,GSE51032,63.012,F,"[60,70)"
GSM1236062,GSE51032,57.465,F,"[50,60)"
GSM1236063,GSE51032,59.285,M,"[50,60)"
GSM1236064,GSE51032,48.304,F,"[40,50)"
GSM1236065,GSE51032,54.078,F,"[50,60)"
GSM1236066,GSE51032,58.218,M,"[50,60)"
GSM1236067,GSE51032,55.028,F,"[50,60)"
GSM1236068,GSE51032,53.7,F,"[50,60)"
GSM1236069,GSE51032,53.736,F,"[50,60)"
GSM1236070,GSE51032,61.32,F,"[60,70)"
GSM1236071,GSE51032,43.825,F,"[40,50)"
GSM1236072,GSE51032,65.142,F,"[60,70)"
GSM1236073,GSE51032,52.627,M,"[50,60)"
GSM1236074,GSE51032,56.624,F,"[50,60)"
GSM1236075,GSE51032,52.997,F,"[50,60)"
GSM1236076,GSE51032,39.17,F,"[30,40)"
GSM1236077,GSE51032,55.31,F,"[50,60)"
GSM1236078,GSE51032,64.027,F,"[60,70)"
GSM1236079,GSE51032,61.172,M,"[60,70)"
GSM1236080,GSE51032,49.741,F,"[40,50)"
GSM1236081,GSE51032,62.431,F,"[60,70)"
GSM1236082,GSE51032,62.149,F,"[60,70)"
GSM1236083,GSE51032,49.547,F,"[40,50)"
GSM1236084,GSE51032,46.374,F,"[40,50)"
GSM1236085,GSE51032,59.888,F,"[50,60)"
GSM1236086,GSE51032,44.917,F,"[40,50)"
GSM1236087,GSE51032,49.081,M,"[40,50)"
GSM1236088,GSE51032,42.749,F,"[40,50)"
GSM1236089,GSE51032,58.146,F,"[50,60)"
GSM1236090,GSE51032,56.019,M,"[50,60)"
GSM1236091,GSE51032,50.201,M,"[50,60)"
GSM1236092,GSE51032,57.451,M,"[50,60)"
GSM1236093,GSE51032,56.717,F,"[50,60)"
GSM1236094,GSE51032,51.14,F,"[50,60)"
GSM1236095,GSE51032,41.988,F,"[40,50)"
GSM1236096,GSE51032,48.474,F,"[40,50)"
GSM1236097,GSE51032,53.607,M,"[50,60)"
GSM1236098,GSE51032,62.021,M,"[60,70)"
GSM1236099,GSE51032,56.674,F,"[50,60)"
GSM1236100,GSE51032,61.002,F,"[60,70)"
GSM1236101,GSE51032,62.253,M,"[60,70)"
GSM1236102,GSE51032,47.518,F,"[40,50)"
GSM1236103,GSE51032,54.045,F,"[50,60)"
GSM1236104,GSE51032,49.624,F,"[40,50)"
GSM1236105,GSE51032,49.262,F,"[40,50)"
GSM1236106,GSE51032,48.241,F,"[40,50)"
GSM1236107,GSE51032,60.561,F,"[60,70)"
GSM1236108,GSE51032,59.682,F,"[50,60)"
GSM1236109,GSE51032,57.238,F,"[50,60)"
GSM1236110,GSE51032,40.805,F,"[40,50)"
GSM1236111,GSE51032,46.554,F,"[40,50)"
GSM1236112,GSE51032,47.614,F,"[40,50)"
GSM1236113,GSE51032,49.106,F,"[40,50)"
GSM1236114,GSE51032,58.45,M,"[50,60)"
GSM1236115,GSE51032,61.081,F,"[60,70)"
GSM1236116,GSE51032,53.125,F,"[50,60)"
GSM1236117,GSE51032,46.782,F,"[40,50)"
GSM1236118,GSE51032,60.159,M,"[60,70)"
GSM1236119,GSE51032,55.211,F,"[50,60)"
GSM1236120,GSE51032,64.931,F,"[60,70)"
GSM1236121,GSE51032,55.581,M,"[50,60)"
GSM1236122,GSE51032,44.016,F,"[40,50)"
GSM1236123,GSE51032,57.391,M,"[50,60)"
GSM1236124,GSE51032,54.845,F,"[50,60)"
GSM1236125,GSE51032,63.899,F,"[60,70)"
GSM1236126,GSE51032,62.103,M,"[60,70)"
GSM1236127,GSE51032,61.205,M,"[60,70)"
GSM1236128,GSE51032,59.86,M,"[50,60)"
GSM1236129,GSE51032,58.99,F,"[50,60)"
GSM1236130,GSE51032,51.828,M,"[50,60)"
GSM1236131,GSE51032,61.068,F,"[60,70)"
GSM1236132,GSE51032,43.699,F,"[40,50)"
GSM1236133,GSE51032,44.271,F,"[40,50)"
GSM1236134,GSE51032,55.748,M,"[50,60)"
GSM1236135,GSE51032,59.606,F,"[50,60)"
GSM1236136,GSE51032,59.102,F,"[50,60)"
GSM1236137,GSE51032,55.877,F,"[50,60)"
GSM1236138,GSE51032,60.323,M,"[60,70)"
GSM1236139,GSE51032,60.81,M,"[60,70)"
GSM1236140,GSE51032,47.086,F,"[40,50)"
GSM1236141,GSE51032,56.252,F,"[50,60)"
GSM1236142,GSE51032,46.281,F,"[40,50)"
GSM1236143,GSE51032,45.834,F,"[40,50)"
GSM1236144,GSE51032,64.37,F,"[60,70)"
GSM1236145,GSE51032,59.904,M,"[50,60)"
GSM1236146,GSE51032,39.203,F,"[30,40)"
GSM1236147,GSE51032,63.348,F,"[60,70)"
GSM1236148,GSE51032,48.923,F,"[40,50)"
GSM1236149,GSE51032,54.902,F,"[50,60)"
GSM1236150,GSE51032,54.888,F,"[50,60)"
GSM1236151,GSE51032,35.157,F,"[30,40)"
GSM1236152,GSE51032,63.765,F,"[60,70)"
GSM1236153,GSE51032,56.797,M,"[50,60)"
GSM1236154,GSE51032,51.537,M,"[50,60)"
GSM1236155,GSE51032,52.298,F,"[50,60)"
GSM1236156,GSE51032,47.337,M,"[40,50)"
GSM1236157,GSE51032,45.106,F,"[40,50)"
GSM1236158,GSE51032,58.141,F,"[50,60)"
GSM1236159,GSE51032,42.185,F,"[40,50)"
GSM1236160,GSE51032,49.276,F,"[40,50)"
GSM1236161,GSE51032,47.086,M,"[40,50)"
GSM1236162,GSE51032,59.625,F,"[50,60)"
GSM1236163,GSE51032,55.118,F,"[50,60)"
GSM1236164,GSE51032,52.83,F,"[50,60)"
GSM1236165,GSE51032,55.628,F,"[50,60)"
GSM1236166,GSE51032,51.795,F,"[50,60)"
GSM1236167,GSE51032,52.175,F,"[50,60)"
GSM1236168,GSE51032,43.803,M,"[40,50)"
GSM1236169,GSE51032,50.171,F,"[50,60)"
GSM1236170,GSE51032,44.238,F,"[40,50)"
GSM1236171,GSE51032,60.186,F,"[60,70)"
GSM1236172,GSE51032,58.242,F,"[50,60)"
GSM1236173,GSE51032,50.125,F,"[50,60)"
GSM1236174,GSE51032,43.921,F,"[40,50)"
GSM1236175,GSE51032,54.36,M,"[50,60)"
GSM1236176,GSE51032,42.461,F,"[40,50)"
GSM1236177,GSE51032,59.099,F,"[50,60)"
GSM1236178,GSE51032,50.059,F,"[50,60)"
GSM1236179,GSE51032,54.612,F,"[50,60)"
GSM1236180,GSE51032,47.962,F,"[40,50)"
GSM1236181,GSE51032,45.708,F,"[40,50)"
GSM1236182,GSE51032,39.71,F,"[30,40)"
GSM1236183,GSE51032,51.789,F,"[50,60)"
GSM1236184,GSE51032,48.282,F,"[40,50)"
GSM1236185,GSE51032,61.522,F,"[60,70)"
GSM1236186,GSE51032,57.481,F,"[50,60)"
GSM1236187,GSE51032,49.944,F,"[40,50)"
GSM1236188,GSE51032,51.91,M,"[50,60)"
GSM1236189,GSE51032,53.265,M,"[50,60)"
GSM1236190,GSE51032,49.665,M,"[40,50)"
GSM1236191,GSE51032,42.204,F,"[40,50)"
GSM1236192,GSE51032,57.506,F,"[50,60)"
GSM1236193,GSE51032,61.938,F,"[60,70)"
GSM1236194,GSE51032,52.802,F,"[50,60)"
GSM1236195,GSE51032,58.092,F,"[50,60)"
GSM1236196,GSE51032,43.964,F,"[40,50)"
GSM1236197,GSE51032,53.205,M,"[50,60)"
GSM1236198,GSE51032,52.37,F,"[50,60)"
GSM1236199,GSE51032,56.079,F,"[50,60)"
GSM1236200,GSE51032,51.203,F,"[50,60)"
GSM1236201,GSE51032,58.27,F,"[50,60)"
GSM1236202,GSE51032,60.241,F,"[60,70)"
GSM1236203,GSE51032,54.445,M,"[50,60)"
GSM1236204,GSE51032,59.68,F,"[50,60)"
GSM1236205,GSE51032,60.539,F,"[60,70)"
GSM1236206,GSE51032,53.7,F,"[50,60)"
GSM1236207,GSE51032,50.639,M,"[50,60)"
GSM1236208,GSE51032,57.673,F,"[50,60)"
GSM1236209,GSE51032,39.852,F,"[30,40)"
GSM1236210,GSE51032,63.384,F,"[60,70)"
GSM1236211,GSE51032,48.268,F,"[40,50)"
GSM1236212,GSE51032,58.166,F,"[50,60)"
GSM1236213,GSE51032,48.983,F,"[40,50)"
GSM1236214,GSE51032,43.74,F,"[40,50)"
GSM1236215,GSE51032,54.434,F,"[50,60)"
GSM1236216,GSE51032,55.926,F,"[50,60)"
GSM1236217,GSE51032,57.185,F,"[50,60)"
GSM1236218,GSE51032,55.472,F,"[50,60)"
GSM1236219,GSE51032,65.123,F,"[60,70)"
GSM1236220,GSE51032,53.536,F,"[50,60)"
GSM1236221,GSE51032,47.228,F,"[40,50)"
GSM1236222,GSE51032,54.91,F,"[50,60)"
GSM1236223,GSE51032,58.968,F,"[50,60)"
GSM1236224,GSE51032,57.391,F,"[50,60)"
GSM1236225,GSE51032,64.227,M,"[60,70)"
GSM1236226,GSE51032,49.558,M,"[40,50)"
GSM1236227,GSE51032,54.932,F,"[50,60)"
GSM1236228,GSE51032,60.326,F,"[60,70)"
GSM1236229,GSE51032,57.52,M,"[50,60)"
GSM1236230,GSE51032,55.291,F,"[50,60)"
GSM1236231,GSE51032,40.011,F,"[40,50)"
GSM1236232,GSE51032,61.065,M,"[60,70)"
GSM1236233,GSE51032,47.009,F,"[40,50)"
GSM1236234,GSE51032,54.127,M,"[50,60)"
GSM1236235,GSE51032,59.756,F,"[50,60)"
GSM1236236,GSE51032,63.556,F,"[60,70)"
GSM1236237,GSE51032,45.697,F,"[40,50)"
GSM1236238,GSE51032,49.035,F,"[40,50)"
GSM1236239,GSE51032,57.492,F,"[50,60)"
GSM1236240,GSE51032,58.574,F,"[50,60)"
GSM1236241,GSE51032,54.812,F,"[50,60)"
GSM1236242,GSE51032,48.542,F,"[40,50)"
GSM1236243,GSE51032,59.236,F,"[50,60)"
GSM1236244,GSE51032,57.591,M,"[50,60)"
GSM1236245,GSE51032,57.697,F,"[50,60)"
GSM1236246,GSE51032,53.095,F,"[50,60)"
GSM1236247,GSE51032,45.298,F,"[40,50)"
GSM1236248,GSE51032,61.881,M,"[60,70)"
GSM1236249,GSE51032,40.895,F,"[40,50)"
GSM1236250,GSE51032,45.755,F,"[40,50)"
GSM1236251,GSE51032,63.715,F,"[60,70)"
GSM1236252,GSE51032,54.99,F,"[50,60)"
GSM1236253,GSE51032,55.499,F,"[50,60)"
GSM1236254,GSE51032,57.435,F,"[50,60)"
GSM1236255,GSE51032,39.934,F,"[30,40)"
GSM1236256,GSE51032,58.363,F,"[50,60)"
GSM1236257,GSE51032,61.958,F,"[60,70)"
GSM1236258,GSE51032,59.023,F,"[50,60)"
GSM1236259,GSE51032,58.149,F,"[50,60)"
GSM1236260,GSE51032,61.451,F,"[60,70)"
GSM1236261,GSE51032,63.483,F,"[60,70)"
GSM1236262,GSE51032,46.409,F,"[40,50)"
GSM1236263,GSE51032,47.42,F,"[40,50)"
GSM1236264,GSE51032,49.624,F,"[40,50)"
GSM1236265,GSE51032,63.392,F,"[60,70)"
GSM1236266,GSE51032,50.579,F,"[50,60)"
GSM1236267,GSE51032,55.874,F,"[50,60)"
GSM1236268,GSE51032,60.898,F,"[60,70)"
GSM1236269,GSE51032,59.515,F,"[50,60)"
GSM1236270,GSE51032,48.433,F,"[40,50)"
GSM1236271,GSE51032,39.176,F,"[30,40)"
GSM1236272,GSE51032,57.708,F,"[50,60)"
GSM1236273,GSE51032,54.505,F,"[50,60)"
GSM1236274,GSE51032,52.512,F,"[50,60)"
GSM1236275,GSE51032,46.653,M,"[40,50)"
GSM1236276,GSE51032,61.415,F,"[60,70)"
GSM1236277,GSE51032,57.624,F,"[50,60)"
GSM1236278,GSE51032,49.054,F,"[40,50)"
GSM1236279,GSE51032,40.487,F,"[40,50)"
GSM1236280,GSE51032,58.283,F,"[50,60)"
GSM1236281,GSE51032,51.209,M,"[50,60)"
GSM1236282,GSE51032,58.669,M,"[50,60)"
GSM1236283,GSE51032,51.795,F,"[50,60)"
GSM1236284,GSE51032,48.394,F,"[40,50)"
GSM1236285,GSE51032,45.974,F,"[40,50)"
GSM1236286,GSE51032,52.706,F,"[50,60)"
GSM1236287,GSE51032,58.976,F,"[50,60)"
GSM1236288,GSE51032,62.732,F,"[60,70)"
GSM1236289,GSE51032,61.771,F,"[60,70)"
GSM1236290,GSE51032,63.321,F,"[60,70)"
GSM1236291,GSE51032,63.888,F,"[60,70)"
GSM1236292,GSE51032,39.559,F,"[30,40)"
GSM1236293,GSE51032,52.548,F,"[50,60)"
GSM1236294,GSE51032,46.976,F,"[40,50)"
GSM1236295,GSE51032,58.932,F,"[50,60)"
GSM1236296,GSE51032,51.619,F,"[50,60)"
GSM1236297,GSE51032,54.856,F,"[50,60)"
GSM1236298,GSE51032,52.394,F,"[50,60)"
GSM1236299,GSE51032,62.53,F,"[60,70)"
GSM1236300,GSE51032,41.128,F,"[40,50)"
GSM1236301,GSE51032,53.5,F,"[50,60)"
GSM1236302,GSE51032,59.373,M,"[50,60)"
GSM1236303,GSE51032,53.889,F,"[50,60)"
GSM1236304,GSE51032,52.961,M,"[50,60)"
GSM1236305,GSE51032,50.029,M,"[50,60)"
GSM1236306,GSE51032,55.431,F,"[50,60)"
GSM1236307,GSE51032,59.129,F,"[50,60)"
GSM1236308,GSE51032,56.277,M,"[50,60)"
GSM1236309,GSE51032,45.347,F,"[40,50)"
GSM1236310,GSE51032,51.68,F,"[50,60)"
GSM1236311,GSE51032,56.145,M,"[50,60)"
GSM1236312,GSE51032,53.35,F,"[50,60)"
GSM1236313,GSE51032,58.549,F,"[50,60)"
GSM1236314,GSE51032,55.526,F,"[50,60)"
GSM1236315,GSE51032,61.191,F,"[60,70)"
GSM1236316,GSE51032,53.563,F,"[50,60)"
GSM1236317,GSE51032,63.305,F,"[60,70)"
GSM1236318,GSE51032,50.248,F,"[50,60)"
GSM1236319,GSE51032,60.293,M,"[60,70)"
GSM1236320,GSE51032,57.024,M,"[50,60)"
GSM1236321,GSE51032,61.55,F,"[60,70)"
GSM1236322,GSE51032,62.563,M,"[60,70)"
GSM1236323,GSE51032,62.166,F,"[60,70)"
GSM1236324,GSE51032,55.003,M,"[50,60)"
GSM1236325,GSE51032,56.512,M,"[50,60)"
GSM1236326,GSE51032,44.241,F,"[40,50)"
GSM1236327,GSE51032,53.662,M,"[50,60)"
GSM1236328,GSE51032,44.865,F,"[40,50)"
GSM1236329,GSE51032,53.889,M,"[50,60)"
GSM1236330,GSE51032,64.712,F,"[60,70)"
GSM1236331,GSE51032,60.46,F,"[60,70)"
GSM1236332,GSE51032,61.016,F,"[60,70)"
GSM1236333,GSE51032,51.778,F,"[50,60)"
GSM1236334,GSE51032,64.745,F,"[60,70)"
GSM1236335,GSE51032,55.869,M,"[50,60)"
GSM1236336,GSE51032,59.65,F,"[50,60)"
GSM1236337,GSE51032,62.045,F,"[60,70)"
GSM1236338,GSE51032,58.875,F,"[50,60)"
GSM1236339,GSE51032,41.248,F,"[40,50)"
GSM1236340,GSE51032,54.47,F,"[50,60)"
GSM1236341,GSE51032,49.821,F,"[40,50)"
GSM1236342,GSE51032,51.559,M,"[50,60)"
GSM1236343,GSE51032,51.444,F,"[50,60)"
GSM1236344,GSE51032,51.888,M,"[50,60)"
GSM1236345,GSE51032,61.856,F,"[60,70)"
GSM1236346,GSE51032,45.862,F,"[40,50)"
GSM1236347,GSE51032,46.39,F,"[40,50)"
GSM1236348,GSE51032,45.09,F,"[40,50)"
GSM1236349,GSE51032,55.266,F,"[50,60)"
GSM1236350,GSE51032,53.218,M,"[50,60)"
GSM1236351,GSE51032,50.782,F,"[50,60)"
GSM1236352,GSE51032,55.411,F,"[50,60)"
GSM1236353,GSE51032,54.815,M,"[50,60)"
GSM1236354,GSE51032,56.216,F,"[50,60)"
GSM1236355,GSE51032,50.601,F,"[50,60)"
GSM1236356,GSE51032,36.394,F,"[30,40)"
GSM1236357,GSE51032,53.596,F,"[50,60)"
GSM1236358,GSE51032,48.654,F,"[40,50)"
GSM1236359,GSE51032,48.841,F,"[40,50)"
GSM1236360,GSE51032,57.815,F,"[50,60)"
GSM1236361,GSE51032,53.112,F,"[50,60)"
GSM1236362,GSE51032,58.149,F,"[50,60)"
GSM1236363,GSE51032,52.693,F,"[50,60)"
GSM1236364,GSE51032,66.319,F,"[60,70)"
GSM1236365,GSE51032,47.236,F,"[40,50)"
GSM1236366,GSE51032,47.009,F,"[40,50)"
GSM1236367,GSE51032,54.382,F,"[50,60)"
GSM1236368,GSE51032,65.854,F,"[60,70)"
GSM1236369,GSE51032,53.109,F,"[50,60)"
GSM1236370,GSE51032,52.966,F,"[50,60)"
GSM1236371,GSE51032,35.039,F,"[30,40)"
GSM1236372,GSE51032,34.686,F,"[30,40)"
GSM1236373,GSE51032,53.854,F,"[50,60)"
GSM1236374,GSE51032,54.27,F,"[50,60)"
GSM1236375,GSE51032,57.112,F,"[50,60)"
GSM1236376,GSE51032,56.72,F,"[50,60)"
GSM1236377,GSE51032,48.457,F,"[40,50)"
GSM1236378,GSE51032,48.78,F,"[40,50)"
GSM1572503,GSE64495,46.2,F,"[40,50)"
GSM1572504,GSE64495,41.4,F,"[40,50)"
GSM1572505,GSE64495,42.4,F,"[40,50)"
GSM1572506,GSE64495,48.4,F,"[40,50)"
GSM1572507,GSE64495,41.7,F,"[40,50)"
GSM1572508,GSE64495,42.5,M,"[40,50)"
GSM1572509,GSE64495,42.4,M,"[40,50)"
GSM1572510,GSE64495,50.8,F,"[50,60)"
GSM1572511,GSE64495,37.2,F,"[30,40)"
GSM1572512,GSE64495,42.7,M,"[40,50)"
GSM1572513,GSE64495,44.2,F,"[40,50)"
GSM1572514,GSE64495,35.1,M,"[30,40)"
GSM1572515,GSE64495,44.4,M,"[40,50)"
GSM1572516,GSE64495,43.9,M,"[40,50)"
GSM1572517,GSE64495,47.2,F,"[40,50)"
GSM1572518,GSE64495,52.7,F,"[50,60)"
GSM1572519,GSE64495,45.4,M,"[40,50)"
GSM1572520,GSE64495,46.1,F,"[40,50)"
GSM1572521,GSE64495,40.2,F,"[40,50)"
GSM1572522,GSE64495,45.1,F,"[40,50)"
GSM1572523,GSE64495,46.7,F,"[40,50)"
GSM1572524,GSE64495,54.4,F,"[50,60)"
GSM1572525,GSE64495,35.6,M,"[30,40)"
GSM1572526,GSE64495,40.3,M,"[40,50)"
GSM1572527,GSE64495,47.2,M,"[40,50)"
GSM1572528,GSE64495,35.8,F,"[30,40)"
GSM1572529,GSE64495,40.7,F,"[40,50)"
GSM1572530,GSE64495,46.5,F,"[40,50)"
GSM1572531,GSE64495,46.2,F,"[40,50)"
GSM1572532,GSE64495,47.4,F,"[40,50)"
GSM1572533,GSE64495,41,M,"[40,50)"
GSM1572534,GSE64495,42.9,F,"[40,50)"
GSM1572535,GSE64495,46.3,F,"[40,50)"
GSM1572536,GSE64495,47.2,M,"[40,50)"
GSM1572537,GSE64495,55.2,F,"[50,60)"
GSM1572538,GSE64495,53.1,F,"[50,60)"
GSM1572539,GSE64495,48.3,M,"[40,50)"
GSM1572540,GSE64495,52.6,M,"[50,60)"
GSM1572541,GSE64495,49.9,F,"[40,50)"
GSM1572542,GSE64495,60.3,F,"[60,70)"
GSM1572543,GSE64495,48.8,F,"[40,50)"
GSM1572544,GSE64495,51.1,F,"[50,60)"
GSM1572545,GSE64495,51.5,F,"[50,60)"
GSM1572546,GSE64495,54.8,F,"[50,60)"
GSM1572547,GSE64495,53.3,F,"[50,60)"
GSM1572548,GSE64495,56,M,"[50,60)"
GSM1572549,GSE64495,57.1,F,"[50,60)"
GSM1572550,GSE64495,61.3,F,"[60,70)"
GSM1572551,GSE64495,55.9,F,"[50,60)"
GSM1572552,GSE64495,52.5,F,"[50,60)"
GSM1572553,GSE64495,58.6,F,"[50,60)"
GSM1572554,GSE64495,51,F,"[50,60)"
GSM1572555,GSE64495,57.6,F,"[50,60)"
GSM1572556,GSE64495,50.5,F,"[50,60)"
GSM1572557,GSE64495,54.2,M,"[50,60)"
GSM1572558,GSE64495,60.3,M,"[60,70)"
GSM1572559,GSE64495,53.2,M,"[50,60)"
GSM1572560,GSE64495,55.1,F,"[50,60)"
GSM1572561,GSE64495,61,M,"[60,70)"
GSM1572562,GSE64495,56.1,F,"[50,60)"
GSM1572563,GSE64495,54.6,F,"[50,60)"
GSM1572564,GSE64495,60.1,F,"[60,70)"
GSM1572565,GSE64495,73.7,F,"[70,80)"
GSM1572566,GSE64495,50.3,M,"[50,60)"
GSM1572567,GSE64495,40.4,F,"[40,50)"
GSM1572568,GSE64495,10.8,F,"[10,20)"
GSM1572569,GSE64495,9.6,F,"[0,10)"
GSM1572570,GSE64495,7.3,M,"[0,10)"
GSM1572571,GSE64495,3.2,F,"[0,10)"
GSM1572572,GSE64495,2.3,M,"[0,10)"
GSM1572573,GSE64495,52.8,F,"[50,60)"
GSM1572574,GSE64495,9.5,F,"[0,10)"
GSM1572575,GSE64495,7.2,F,"[0,10)"
GSM1572576,GSE64495,41.5,F,"[40,50)"
GSM1572577,GSE64495,36.3,M,"[30,40)"
GSM1572578,GSE64495,9.2,F,"[0,10)"
GSM1572579,GSE64495,37.9,F,"[30,40)"
GSM1572580,GSE64495,5.8,F,"[0,10)"
GSM1572581,GSE64495,40.5,M,"[40,50)"
GSM1572582,GSE64495,2.5,F,"[0,10)"
GSM1572583,GSE64495,38.3,M,"[30,40)"
GSM1572584,GSE64495,36.5,F,"[30,40)"
GSM1572585,GSE64495,24.2,F,"[20,30)"
GSM1572586,GSE64495,2.3,F,"[0,10)"
GSM1572587,GSE64495,35,M,"[30,40)"
GSM1572588,GSE64495,34,F,"[30,40)"
GSM1572589,GSE64495,11.3,F,"[10,20)"
GSM1572590,GSE64495,46.7,M,"[40,50)"
GSM1572591,GSE64495,34.8,F,"[30,40)"
GSM1572592,GSE64495,2.5,F,"[0,10)"
GSM1572593,GSE64495,25.3,F,"[20,30)"
GSM1572594,GSE64495,69.5,M,"[60,70)"
GSM1572595,GSE64495,5.5,F,"[0,10)"
GSM1572596,GSE64495,6.3,F,"[0,10)"
GSM1572597,GSE64495,24.3,M,"[20,30)"
GSM1572598,GSE64495,36.6,F,"[30,40)"
GSM1572599,GSE64495,7.1,F,"[0,10)"
GSM1572600,GSE64495,5,M,"[0,10)"
GSM1572601,GSE64495,47,M,"[40,50)"
GSM1572602,GSE64495,32.4,M,"[30,40)"
GSM1572603,GSE64495,34.3,F,"[30,40)"
GSM1572604,GSE64495,3.5,F,"[0,10)"
GSM1572605,GSE64495,36.8,M,"[30,40)"
GSM1572606,GSE64495,35.3,F,"[30,40)"
GSM1572607,GSE64495,10.8,F,"[10,20)"
GSM1572608,GSE64495,9.2,M,"[0,10)"
GSM1572609,GSE64495,7.1,M,"[0,10)"
GSM1572610,GSE64495,5.3,M,"[0,10)"
GSM1572611,GSE64495,2.4,F,"[0,10)"
GSM1572612,GSE64495,36.3,F,"[30,40)"
GSM1572613,GSE64495,48.5,M,"[40,50)"
GSM1572614,GSE64495,4.2,F,"[0,10)"
GSM1572615,GSE64495,7.3,F,"[0,10)"
